year,age,total,men,women,forecast_type
2024,0 лет,1240610,638344,602266,Средний
2024,1 год,1302922,669277,633645,Средний
2024,2 года,1392772,716930,675842,Средний
2024,3 года,1427114,734750,692364,Средний
2024,4 года,1481864,762502,719362,Средний
2024,5 лет,1605083,827894,777189,Средний
2024,6 лет,1690816,870028,820788,Средний
2024,7 лет,1888406,971007,917399,Средний
2024,8 лет,1952380,1003180,949200,Средний
2024,9 лет,1935978,996652,939326,Средний
2024,10 лет,1920588,987037,933551,Средний
2024,11 лет,1931179,994014,937165,Средний
2024,12 лет,1826529,938899,887630,Средний
2024,13 лет,1775349,914414,860935,Средний
2024,14 лет,1728652,888401,840251,Средний
2024,15 лет,1723058,883382,839676,Средний
2024,16 лет,1621781,832095,789686,Средний
2024,17 лет,1490670,766226,724444,Средний
2024,18 лет,1530308,787727,742581,Средний
2024,19 лет,1501974,774153,727821,Средний
2024,20 лет,1550603,799287,751316,Средний
2024,21 лет,1516390,788478,727912,Средний
2024,22 лет,1419553,736206,683347,Средний
2024,23 лет,1530664,793495,737169,Средний
2024,24 лет,1424324,734220,690104,Средний
2024,25 лет,1406597,716272,690325,Средний
2024,26 лет,1342295,681795,660500,Средний
2024,27 лет,1488796,756172,732624,Средний
2024,28 лет,1598157,804966,793191,Средний
2024,29 лет,1538559,777511,761048,Средний
2024,30 лет,1578729,789625,789104,Средний
2024,31 лет,1774801,880577,894224,Средний
2024,32 лет,1964165,975375,988790,Средний
2024,33 лет,2377896,1186137,1191759,Средний
2024,34 лет,2432089,1201964,1230125,Средний
2024,35 лет,2483591,1222404,1261187,Средний
2024,36 лет,2604163,1282813,1321350,Средний
2024,37 лет,2626805,1296938,1329867,Средний
2024,38 лет,2623547,1291359,1332188,Средний
2024,39 лет,2460023,1206445,1253578,Средний
2024,40 лет,2505367,1216384,1288983,Средний
2024,41 лет,2362792,1141828,1220964,Средний
2024,42 лет,2234372,1079593,1154779,Средний
2024,43 лет,2446542,1193036,1253506,Средний
2024,44 лет,2205701,1059223,1146478,Средний
2024,45 лет,2171687,1038614,1133073,Средний
2024,46 лет,2046199,969176,1077023,Средний
2024,47 лет,2134446,1014271,1120175,Средний
2024,48 лет,2134976,1010111,1124865,Средний
2024,49 лет,2001519,947242,1054277,Средний
2024,50 лет,1903709,894159,1009550,Средний
2024,51 лет,1923277,901913,1021364,Средний
2024,52 лет,1842523,863204,979319,Средний
2024,53 лет,1957094,928315,1028779,Средний
2024,54 лет,1756156,816605,939551,Средний
2024,55 лет,1749446,808379,941067,Средний
2024,56 лет,1633416,743521,889895,Средний
2024,57 лет,1697103,767669,929434,Средний
2024,58 лет,1827485,823699,1003786,Средний
2024,59 лет,1777474,784346,993128,Средний
2024,60 лет,1938722,848806,1089916,Средний
2024,61 лет,1948601,837734,1110867,Средний
2024,62 лет,2019376,859568,1159808,Средний
2024,63 лет,2208600,941964,1266636,Средний
2024,64 лет,2013238,838766,1174472,Средний
2024,65 лет,1990798,816449,1174349,Средний
2024,66 лет,1865873,754098,1111775,Средний
2024,67 лет,1827537,726622,1100915,Средний
2024,68 лет,1795085,702340,1092745,Средний
2024,69 лет,1720973,658560,1062413,Средний
2024,70 лет,1516576,569748,946828,Средний
2024,71 лет,1509309,557844,951465,Средний
2024,72 лет,1390887,499354,891533,Средний
2024,73 лет,1374823,494582,880241,Средний
2024,74 лет,1319204,456261,862943,Средний
2024,75 лет,1052360,357520,694840,Средний
2024,76 лет,962103,318718,643385,Средний
2024,77 лет,840499,272418,568081,Средний
2024,78 лет,530596,175856,354740,Средний
2024,79 лет,346431,107659,238772,Средний
2024,80 лет,313150,95355,217795,Средний
2024,81 лет,426835,120177,306658,Средний
2024,82 лет,602129,158415,443714,Средний
2024,83 лет,603607,159306,444301,Средний
2024,84 лет,594354,148021,446333,Средний
2024,85 лет и более,2346966,545439,1801527,Средний
2024,Все население,146079696,67901819,78177877,Средний
2025,0 лет,1168214,601100,567114,Средний
2025,1 год,1242770,639418,603352,Средний
2025,2 года,1306055,670913,635142,Средний
2025,3 года,1396047,718623,677424,Средний
2025,4 года,1430269,736352,693917,Средний
2025,5 лет,1485045,764118,720927,Средний
2025,6 лет,1608360,829574,778786,Средний
2025,7 лет,1694138,871713,822425,Средний
2025,8 лет,1891454,972539,918915,Средний
2025,9 лет,1955089,1004531,950558,Средний
2025,10 лет,1938575,997958,940617,Средний
2025,11 лет,1923085,988292,934793,Средний
2025,12 лет,1933521,995145,938376,Средний
2025,13 лет,1828810,939991,888819,Средний
2025,14 лет,1777763,915556,862207,Средний
2025,15 лет,1731121,889571,841550,Средний
2025,16 лет,1725267,884495,840772,Средний
2025,17 лет,1624765,833826,790939,Средний
2025,18 лет,1496211,769631,726580,Средний
2025,19 лет,1537069,791672,745397,Средний
2025,20 лет,1507547,776998,730549,Средний
2025,21 лет,1553655,800358,753297,Средний
2025,22 лет,1518272,788689,729583,Средний
2025,23 лет,1421150,736085,685065,Средний
2025,24 лет,1530197,791836,738361,Средний
2025,25 лет,1424739,733201,691538,Средний
2025,26 лет,1408095,716035,692060,Средний
2025,27 лет,1345621,682812,662809,Средний
2025,28 лет,1491431,756795,734636,Средний
2025,29 лет,1599672,804778,794894,Средний
2025,30 лет,1540796,777707,763089,Средний
2025,31 лет,1581432,790181,791251,Средний
2025,32 лет,1777089,880774,896315,Средний
2025,33 лет,1965550,974802,990748,Средний
2025,34 лет,2376476,1183546,1192930,Средний
2025,35 лет,2430308,1199101,1231207,Средний
2025,36 лет,2481149,1218991,1262158,Средний
2025,37 лет,2600109,1278230,1321879,Средний
2025,38 лет,2621546,1291522,1330024,Средний
2025,39 лет,2617218,1285222,1331996,Средний
2025,40 лет,2453492,1200254,1253238,Средний
2025,41 лет,2497317,1209240,1288077,Средний
2025,42 лет,2355160,1134954,1220206,Средний
2025,43 лет,2226650,1072634,1154016,Средний
2025,44 лет,2435613,1183738,1251875,Средний
2025,45 лет,2195858,1050808,1145050,Средний
2025,46 лет,2161379,1029848,1131531,Средний
2025,47 лет,2035880,960491,1075389,Средний
2025,48 лет,2121999,1004006,1117993,Средний
2025,49 лет,2121260,998981,1122279,Средний
2025,50 лет,1987903,936260,1051643,Средний
2025,51 лет,1889971,883201,1006770,Средний
2025,52 лет,1908131,889953,1018178,Средний
2025,53 лет,1826979,850985,975994,Средний
2025,54 лет,1938590,913913,1024677,Средний
2025,55 лет,1738952,803374,935578,Средний
2025,56 лет,1731097,794439,936658,Средний
2025,57 лет,1615587,730099,885488,Средний
2025,58 лет,1676944,752796,924148,Средний
2025,59 лет,1803718,806555,997163,Средний
2025,60 лет,1753036,767095,985941,Средний
2025,61 лет,1909684,828785,1080899,Средний
2025,62 лет,1917378,816805,1100573,Средний
2025,63 лет,1984290,836584,1147706,Средний
2025,64 лет,2166536,914870,1251666,Средний
2025,65 лет,1972475,813232,1159243,Средний
2025,66 лет,1947390,789949,1157441,Средний
2025,67 лет,1822241,728036,1094205,Средний
2025,68 лет,1781577,699852,1081725,Средний
2025,69 лет,1746420,674769,1071651,Средний
2025,70 лет,1670829,631056,1039773,Средний
2025,71 лет,1469231,544524,924707,Средний
2025,72 лет,1458488,531573,926915,Средний
2025,73 лет,1340603,474398,866205,Средний
2025,74 лет,1320744,468179,852565,Средний
2025,75 лет,1263374,430339,833035,Средний
2025,76 лет,1004468,335961,668507,Средний
2025,77 лет,914630,298249,616381,Средний
2025,78 лет,795451,253768,541683,Средний
2025,79 лет,499741,163031,336710,Средний
2025,80 лет,325024,99376,225648,Средний
2025,81 лет,292340,87588,204752,Средний
2025,82 лет,395835,109693,286142,Средний
2025,83 лет,554315,143620,410695,Средний
2025,84 лет,551303,143420,407883,Средний
2025,85 лет и более,2566270,601822,1964448,Средний
2025,Все население,145631833,67675784,77956049,Средний
2026,0 лет,1149721,591586,558135,Средний
2026,1 год,1170417,602197,568220,Средний
2026,2 года,1245969,641079,604890,Средний
2026,3 года,1309470,672676,636794,Средний
2026,4 года,1399314,720280,679034,Средний
2026,5 лет,1433521,737992,695529,Средний
2026,6 лет,1488391,765830,722561,Средний
2026,7 лет,1611735,831282,780453,Средний
2026,8 лет,1697335,873320,824015,Средний
2026,9 лет,1894185,973893,920292,Средний
2026,10 лет,1957584,1005783,951801,Средний
2026,11 лет,1940950,999147,941803,Средний
2026,12 лет,1925351,989388,935963,Средний
2026,13 лет,1935626,996132,939494,Средний
2026,14 лет,1831075,941046,890029,Средний
2026,15 лет,1780087,916631,863456,Средний
2026,16 лет,1733286,890650,842636,Средний
2026,17 лет,1728147,886159,841988,Средний
2026,18 лет,1630289,837231,793058,Средний
2026,19 лет,1503529,773975,729554,Средний
2026,20 лет,1543530,795131,748399,Средний
2026,21 лет,1512539,779387,733152,Средний
2026,22 лет,1556276,801067,755209,Средний
2026,23 лет,1519523,788322,731201,Средний
2026,24 лет,1421785,735221,686564,Средний
2026,25 лет,1529094,789691,739403,Средний
2026,26 лет,1425428,732293,693135,Средний
2026,27 лет,1410702,716543,694159,Средний
2026,28 лет,1349404,684138,665266,Средний
2026,29 лет,1493767,757103,736664,Средний
2026,30 лет,1601327,804570,796757,Средний
2026,31 лет,1543689,778304,765385,Средний
2026,32 лет,1584825,791104,793721,Средний
2026,33 лет,1779780,881147,898633,Средний
2026,34 лет,1967011,974260,992751,Средний
2026,35 лет,2374958,1180815,1194143,Средний
2026,36 лет,2428188,1195958,1232230,Средний
2026,37 лет,2477984,1215109,1262875,Средний
2026,38 лет,2595172,1273121,1322051,Средний
2026,39 лет,2615237,1285464,1329773,Средний
2026,40 лет,2609747,1278409,1331338,Средний
2026,41 лет,2445947,1193465,1252482,Средний
2026,42 лет,2488656,1201674,1286982,Средний
2026,43 лет,2346871,1127690,1219181,Средний
2026,44 лет,2217950,1065102,1152848,Средний
2026,45 лет,2424092,1174065,1250027,Средний
2026,46 лет,2185593,1042139,1143454,Средний
2026,47 лет,2150362,1020684,1129678,Средний
2026,48 лет,2024922,951421,1073501,Средний
2026,49 лет,2108960,993429,1115531,Средний
2026,50 лет,2107022,987649,1119373,Средний
2026,51 лет,1973844,925098,1048746,Средний
2026,52 лет,1875784,871995,1003789,Средний
2026,53 лет,1892543,877794,1014749,Средний
2026,54 лет,1810942,838550,972392,Средний
2026,55 лет,1919561,899292,1020269,Средний
2026,56 лет,1721403,790008,931395,Средний
2026,57 лет,1712455,780398,932057,Средний
2026,58 лет,1597473,716628,880845,Средний
2026,59 лет,1656462,737900,918562,Средний
2026,60 лет,1779600,789359,990241,Средний
2026,61 лет,1728264,749858,978406,Средний
2026,62 лет,1880161,808790,1071371,Средний
2026,63 лет,1885479,795776,1089703,Средний
2026,64 лет,1948337,813464,1134873,Средний
2026,65 лет,2123562,887682,1235880,Средний
2026,66 лет,1930791,787589,1143202,Средний
2026,67 лет,1903087,763345,1139742,Средний
2026,68 лет,1777762,701918,1075844,Средний
2026,69 лет,1734692,673061,1061631,Средний
2026,70 лет,1696787,647205,1049582,Средний
2026,71 лет,1619770,603632,1016138,Средний
2026,72 лет,1421058,519409,901649,Средний
2026,73 лет,1406738,505431,901307,Средний
2026,74 лет,1289248,449491,839757,Средний
2026,75 лет,1265700,441908,823792,Средний
2026,76 лет,1206549,404549,802000,Средний
2026,77 лет,955534,314515,641019,Средний
2026,78 лет,866207,277917,588290,Средний
2026,79 лет,749651,235262,514389,Средний
2026,80 лет,468593,150387,318206,Средний
2026,81 лет,303490,91240,212250,Средний
2026,82 лет,271342,79953,191389,Средний
2026,83 лет,364589,99402,265187,Средний
2026,84 лет,506196,129100,377096,Средний
2026,85 лет и более,2709369,643501,2065868,Средний
2026,Все население,145159346,67442159,77717187,Средний
2027,0 лет,1139807,586489,553318,Средний
2027,1 год,1151912,592669,559243,Средний
2027,2 года,1173653,603872,569781,Средний
2027,3 года,1249475,642888,606587,Средний
2027,4 года,1312873,674392,638481,Средний
2027,5 лет,1402632,721943,680689,Средний
2027,6 лет,1436892,739704,697188,Средний
2027,7 лет,1491841,767574,724267,Средний
2027,8 лет,1615000,832921,782079,Средний
2027,9 лет,1700272,874775,825497,Средний
2027,10 лет,1896683,975143,921540,Средний
2027,11 лет,1959846,1006911,952935,Средний
2027,12 лет,1943116,1000188,942928,Средний
2027,13 лет,1927407,990361,937046,Средний
2027,14 лет,1937689,997073,940616,Средний
2027,15 лет,1833247,942041,891206,Средний
2027,16 лет,1782133,917638,864495,Средний
2027,17 лет,1736175,892301,843874,Средний
2027,18 лет,1733636,889550,844086,Средний
2027,19 лет,1637751,841712,796039,Средний
2027,20 лет,1510968,778135,732833,Средний
2027,21 лет,1549774,798351,751423,Средний
2027,22 лет,1517140,781454,735686,Средний
2027,23 лет,1557898,800993,756905,Средний
2027,24 лет,1519696,787159,732537,Средний
2027,25 лет,1421844,733889,687955,Средний
2027,26 лет,1528172,787578,740594,Средний
2027,27 лет,1427175,732111,695064,Средний
2027,28 лет,1413903,717463,696440,Средний
2027,29 лет,1353128,685331,667797,Средний
2027,30 лет,1496262,757431,738831,Средний
2027,31 лет,1603460,804656,798804,Средний
2027,32 лет,1547156,779211,767945,Средний
2027,33 лет,1588671,792251,796420,Средний
2027,34 лет,1782841,881723,901118,Средний
2027,35 лет,1968562,973701,994861,Средний
2027,36 лет,2373172,1177849,1195323,Средний
2027,37 лет,2425503,1192433,1233070,Средний
2027,38 лет,2474097,1210808,1263289,Средний
2027,39 лет,2589294,1267456,1321838,Средний
2027,40 лет,2607850,1278774,1329076,Средний
2027,41 лет,2601294,1271012,1330282,Средний
2027,42 лет,2437763,1186245,1251518,Средний
2027,43 лет,2479338,1193736,1285602,Средний
2027,44 лет,2337774,1119946,1217828,Средний
2027,45 лет,2208770,1057261,1151509,Средний
2027,46 лет,2412063,1164092,1247971,Средний
2027,47 лет,2174634,1033075,1141559,Средний
2027,48 лет,2138777,1011199,1127578,Средний
2027,49 лет,2013508,942117,1071391,Средний
2027,50 лет,2095454,982690,1112764,Средний
2027,51 лет,2092302,976129,1116173,Средний
2027,52 лет,1959305,913669,1045636,Средний
2027,53 лет,1861160,860602,1000558,Средний
2027,54 лет,1876499,865435,1011064,Средний
2027,55 лет,1794413,825887,968526,Средний
2027,56 лет,1900126,884487,1015639,Средний
2027,57 лет,1703543,776514,927029,Средний
2027,58 лет,1693570,766324,927246,Средний
2027,59 лет,1579071,703132,875939,Средний
2027,60 лет,1635614,722925,912689,Средний
2027,61 лет,1755127,772142,982985,Средний
2027,62 лет,1703011,732585,970426,Средний
2027,63 лет,1849943,788643,1061300,Средний
2027,64 лет,1852750,774581,1078169,Средний
2027,65 лет,1911523,790169,1121354,Средний
2027,66 лет,2079584,860313,1219271,Средний
2027,67 лет,1888162,761777,1126385,Средний
2027,68 лет,1857820,736591,1121229,Средний
2027,69 лет,1732289,675690,1056599,Средний
2027,70 лет,1686746,646190,1040556,Средний
2027,71 лет,1646127,619626,1026501,Средний
2027,72 лет,1567652,576202,991450,Средний
2027,73 лет,1371788,494280,877508,Средний
2027,74 лет,1353735,479231,874504,Средний
2027,75 лет,1236769,424603,812166,Средний
2027,76 лет,1209438,415669,793769,Средний
2027,77 лет,1148342,378811,769531,Средний
2027,78 лет,905460,293133,612327,Средний
2027,79 лет,816749,257661,559088,Средний
2027,80 лет,703035,216880,486155,Средний
2027,81 лет,437034,137873,299161,Средний
2027,82 лет,281652,83198,198454,Средний
2027,83 лет,250095,72427,177668,Средний
2027,84 лет,332993,89270,243723,Средний
2027,85 лет и более,2780778,663061,2117717,Средний
2027,Все население,144672186,67205985,77466201,Средний
2028,0 лет,1137136,585114,552022,Средний
2028,1 год,1142029,587582,554447,Средний
2028,2 года,1155167,594346,560821,Средний
2028,3 года,1177236,605706,571530,Средний
2028,4 года,1253004,644662,608342,Средний
2028,5 лет,1316311,676123,640188,Средний
2028,6 лет,1406014,723661,682353,Средний
2028,7 лет,1440342,741444,698898,Средний
2028,8 лет,1495181,769250,725931,Средний
2028,9 лет,1618035,834425,783610,Средний
2028,10 лет,1702963,876122,826841,Средний
2028,11 лет,1898944,976261,922683,Средний
2028,12 лет,1961909,1007898,954011,Средний
2028,13 лет,1945094,1001125,943969,Средний
2028,14 лет,1929395,991266,938129,Средний
2028,15 лет,1939620,997929,941691,Средний
2028,16 лет,1835159,942959,892200,Средний
2028,17 лет,1784954,919236,865718,Средний
2028,18 лет,1741722,895728,845994,Средний
2028,19 лет,1741195,894124,847071,Средний
2028,20 лет,1645580,846177,799403,Средний
2028,21 лет,1518566,782282,736284,Средний
2028,22 лет,1555738,801272,754466,Средний
2028,23 лет,1520634,782670,737964,Средний
2028,24 лет,1558160,799949,758211,Средний
2028,25 лет,1519203,785445,733758,Средний
2028,26 лет,1422044,732544,689500,Средний
2028,27 лет,1528240,786142,742098,Средний
2028,28 лет,1429599,732398,697201,Средний
2028,29 лет,1417249,718406,698843,Средний
2028,30 лет,1357128,686621,670507,Средний
2028,31 лет,1499124,757970,741154,Средний
2028,32 лет,1606027,804961,801066,Средний
2028,33 лет,1551053,780340,770713,Средний
2028,34 лет,1592974,793663,799311,Средний
2028,35 лет,1786139,882380,903759,Средний
2028,36 лет,1969937,972976,996961,Средний
2028,37 лет,2370875,1174575,1196300,Средний
2028,38 лет,2422210,1188570,1233640,Средний
2028,39 лет,2469422,1206060,1263362,Средний
2028,40 лет,2582463,1261261,1321202,Средний
2028,41 лет,2599577,1271572,1328005,Средний
2028,42 лет,2592229,1263193,1329036,Средний
2028,43 лет,2428940,1178654,1250286,Средний
2028,44 лет,2469279,1185387,1283892,Средний
2028,45 лет,2328283,1111964,1216319,Средний
2028,46 лет,2199128,1049148,1149980,Средний
2028,47 лет,2399298,1153715,1245583,Средний
2028,48 лет,2163154,1023733,1139421,Средний
2028,49 лет,2126839,1001544,1125295,Средний
2028,50 лет,2001716,932710,1069006,Средний
2028,51 лет,2081464,971748,1109716,Средний
2028,52 лет,2077064,964307,1112757,Средний
2028,53 лет,1944334,902055,1042279,Средний
2028,54 лет,1846156,849050,997106,Средний
2028,55 лет,1860022,852888,1007134,Средний
2028,56 лет,1777499,813036,964463,Средний
2028,57 лет,1880389,869557,1010832,Средний
2028,58 лет,1685422,762964,922458,Средний
2028,59 лет,1674406,752221,922185,Средний
2028,60 лет,1560305,689532,870773,Средний
2028,61 лет,1614411,707887,906524,Средний
2028,62 лет,1730202,754884,975318,Средний
2028,63 лет,1677085,715120,961965,Средний
2028,64 лет,1818937,768306,1050631,Средний
2028,65 лет,1819188,753184,1066004,Средний
2028,66 лет,1873745,766670,1107075,Средний
2028,67 лет,2034615,832726,1201889,Средний
2028,68 лет,1844557,735746,1108811,Средний
2028,69 лет,1811509,709656,1101853,Средний
2028,70 лет,1685721,649308,1036413,Средний
2028,71 лет,1637714,619214,1018500,Средний
2028,72 лет,1594288,591939,1002349,Средний
2028,73 лет,1514265,548689,965576,Средний
2028,74 лет,1321219,469026,852193,Средний
2028,75 лет,1299462,452981,846481,Средний
2028,76 лет,1182940,399651,783289,Средний
2028,77 лет,1151662,389363,762299,Средний
2028,78 лет,1088693,353094,735599,Средний
2028,79 лет,854216,271795,582421,Средний
2028,80 лет,766299,237521,528778,Средний
2028,81 лет,655565,198659,456906,Средний
2028,82 лет,404996,125503,279493,Средний
2028,83 лет,259527,75287,184240,Средний
2028,84 лет,228557,65016,163541,Средний
2028,85 лет и более,2672673,640431,2032242,Средний
2028,Все население,144181325,66972257,77209068,Средний
2029,0 лет,1152524,593037,559487,Средний
2029,1 год,1139381,586227,553154,Средний
2029,2 года,1145296,589266,556030,Средний
2029,3 года,1158801,596208,562593,Средний
2029,4 года,1180886,607544,573342,Средний
2029,5 лет,1256592,646457,610135,Средний
2029,6 лет,1319844,677910,641934,Средний
2029,7 лет,1409511,725416,684095,Средний
2029,8 лет,1443732,743149,700583,Средний
2029,9 лет,1498334,770823,727511,Средний
2029,10 лет,1620842,835822,785020,Средний
2029,11 лет,1705471,877376,828095,Средний
2029,12 лет,1901044,977270,923774,Средний
2029,13 лет,1963812,1008794,955018,Средний
2029,14 лет,1947030,1002008,945022,Средний
2029,15 лет,1931316,992120,939196,Средний
2029,16 лет,1941346,998742,942604,Средний
2029,17 лет,1837893,944503,893390,Средний
2029,18 лет,1790490,922639,867851,Средний
2029,19 лет,1749508,900458,849050,Средний
2029,20 лет,1749352,898858,850494,Средний
2029,21 лет,1653796,850775,803021,Средний
2029,22 лет,1526189,786309,739880,Средний
2029,23 лет,1560565,803307,757258,Средний
2029,24 лет,1522695,782885,739810,Средний
2029,25 лет,1557633,798279,759354,Средний
2029,26 лет,1518823,783676,735147,Средний
2029,27 лет,1423208,731844,691364,Средний
2029,28 лет,1529025,785215,743810,Средний
2029,29 лет,1432358,732840,699518,Средний
2029,30 лет,1421026,719555,701471,Средний
2029,31 лет,1361495,688115,673380,Средний
2029,32 лет,1502319,758656,743663,Средний
2029,33 лет,1609033,805488,803545,Средний
2029,34 лет,1555491,781781,773710,Средний
2029,35 лет,1597687,795251,802436,Средний
2029,36 лет,1789410,882959,906451,Средний
2029,37 лет,1970890,971993,998897,Средний
2029,38 лет,2368113,1171056,1197057,Средний
2029,39 лет,2418309,1184385,1233924,Средний
2029,40 лет,2463944,1200892,1263052,Средний
2029,41 лет,2574863,1254631,1320232,Средний
2029,42 лет,2590755,1263997,1326758,Средний
2029,43 лет,2582541,1255027,1327514,Средний
2029,44 лет,2419487,1170733,1248754,Средний
2029,45 лет,2458959,1176878,1282081,Средний
2029,46 лет,2318422,1103771,1214651,Средний
2029,47 лет,2188815,1040668,1148147,Средний
2029,48 лет,2386033,1143078,1242955,Средний
2029,49 лет,2151403,1014276,1137127,Средний
2029,50 лет,2114609,991844,1122765,Средний
2029,51 лет,1989545,923139,1066406,Средний
2029,52 лет,2067001,960523,1106478,Средний
2029,53 лет,2061431,952319,1109112,Средний
2029,54 лет,1929043,890316,1038727,Средний
2029,55 лет,1830791,837332,993459,Средний
2029,56 лет,1843212,840177,1003035,Средний
2029,57 лет,1760294,800041,960253,Средний
2029,58 лет,1860343,854551,1005792,Средний
2029,59 лет,1667059,749404,917655,Средний
2029,60 лет,1654891,738024,916867,Средний
2029,61 лет,1541214,675867,865347,Средний
2029,62 лет,1592796,692792,900004,Средний
2029,63 лет,1704648,737419,967229,Средний
2029,64 лет,1650440,697442,952998,Средний
2029,65 лет,1787078,747716,1039362,Средний
2029,66 лет,1784694,731533,1053161,Средний
2029,67 лет,1834995,742883,1092112,Средний
2029,68 лет,1988584,804851,1183733,Средний
2029,69 лет,1799852,709466,1090386,Средний
2029,70 лет,1764016,682500,1081516,Средний
2029,71 лет,1638006,622742,1015264,Средний
2029,72 лет,1587425,592051,995374,Средний
2029,73 лет,1541054,564073,976981,Средний
2029,74 лет,1459360,520957,938403,Средний
2029,75 лет,1269268,443630,825638,Средний
2029,76 лет,1243653,426578,817075,Средний
2029,77 лет,1127457,374541,752916,Средний
2029,78 лет,1092296,362998,729298,Средний
2029,79 лет,1027523,327375,700148,Средний
2029,80 лет,801763,250521,551242,Средний
2029,81 лет,714650,217473,497177,Средний
2029,82 лет,607150,180580,426570,Средний
2029,83 лет,372467,113298,259169,Средний
2029,84 лет,237033,67479,169554,Средний
2029,85 лет и более,2467216,594997,1872219,Средний
2029,Все население,143709149,66752379,76956770,Средний
2030,0 лет,1168908,601470,567438,Средний
2030,1 год,1154770,594150,560620,Средний
2030,2 года,1142646,587899,554747,Средний
2030,3 года,1148960,591141,557819,Средний
2030,4 года,1162529,598079,564450,Средний
2030,5 лет,1184583,609392,575191,Средний
2030,6 лет,1260220,648291,611929,Средний
2030,7 лет,1323416,679706,643710,Средний
2030,8 лет,1412909,727124,685785,Средний
2030,9 лет,1446927,744737,702190,Средний
2030,10 лет,1501284,772294,728990,Средний
2030,11 лет,1623479,837136,786343,Средний
2030,12 лет,1707812,878509,829303,Средний
2030,13 лет,1902990,978199,924791,Средний
2030,14 лет,1965717,1009674,956043,Средний
2030,15 лет,1948912,1002837,946075,Средний
2030,16 лет,1933014,992910,940104,Средний
2030,17 лет,1943905,1000165,943740,Средний
2030,18 лет,1843400,947874,895526,Средний
2030,19 лет,1798399,927460,870939,Средний
2030,20 лет,1758161,905555,852606,Средний
2030,21 лет,1758114,903861,854253,Средний
2030,22 лет,1662215,855342,806873,Средний
2030,23 лет,1532828,789517,743311,Средний
2030,24 лет,1563771,804206,759565,Средний
2030,25 лет,1523802,782372,741430,Средний
2030,26 лет,1557028,796443,760585,Средний
2030,27 лет,1519242,782425,736817,Средний
2030,28 лет,1424918,731537,693381,Средний
2030,29 лет,1530191,784493,745698,Средний
2030,30 лет,1435630,733572,702058,Средний
2030,31 лет,1425222,720940,704282,Средний
2030,32 лет,1366098,689694,676404,Средний
2030,33 лет,1505840,759502,746338,Средний
2030,34 лет,1612652,806397,806255,Средний
2030,35 лет,1560461,783505,776956,Средний
2030,36 лет,1602474,796849,805625,Средний
2030,37 лет,1792327,883342,908985,Средний
2030,38 лет,1971430,970811,1000619,Средний
2030,39 лет,2364811,1167262,1197549,Средний
2030,40 лет,2413713,1179847,1233866,Средний
2030,41 лет,2457811,1195366,1262445,Средний
2030,42 лет,2566780,1247673,1319107,Средний
2030,43 лет,2581331,1256083,1325248,Средний
2030,44 лет,2572231,1246542,1325689,Средний
2030,45 лет,2409858,1162717,1247141,Средний
2030,46 лет,2448362,1168230,1280132,Средний
2030,47 лет,2307929,1095226,1212703,Средний
2030,48 лет,2178026,1031930,1146096,Средний
2030,49 лет,2372555,1132370,1240185,Средний
2030,50 лет,2139431,1004806,1134625,Средний
2030,51 лет,2102048,981999,1120049,Средний
2030,52 лет,1976900,913282,1063618,Средний
2030,53 лет,2052103,949091,1103012,Средний
2030,54 лет,2045470,940182,1105288,Средний
2030,55 лет,1913392,878393,1034999,Средний
2030,56 лет,1815069,825412,989657,Средний
2030,57 лет,1826074,827267,998807,Средний
2030,58 лет,1742799,786945,955854,Средний
2030,59 лет,1840044,839511,1000533,Средний
2030,60 лет,1648331,735697,912634,Средний
2030,61 лет,1634986,723702,911284,Средний
2030,62 лет,1521655,662067,859588,Средний
2030,63 лет,1570521,677402,893119,Средний
2030,64 лет,1678304,719661,958643,Средний
2030,65 лет,1622934,679445,943489,Средний
2030,66 лет,1754275,726800,1027475,Средний
2030,67 лет,1749181,709496,1039685,Средний
2030,68 лет,1795174,718706,1076468,Средний
2030,69 лет,1941307,776590,1164717,Средний
2030,70 лет,1753861,682823,1071038,Средний
2030,71 лет,1715201,655017,1060184,Средний
2030,72 лет,1588856,595840,993016,Средний
2030,73 лет,1535511,564525,970986,Средний
2030,74 лет,1486057,535827,950230,Средний
2030,75 лет,1402706,492917,909789,Средний
2030,76 лет,1215575,417939,797636,Средний
2030,77 лет,1185837,399856,785981,Средний
2030,78 лет,1070058,349204,720854,Средний
2030,79 лет,1031102,336489,694613,Средний
2030,80 лет,964535,301607,662928,Средний
2030,81 лет,747729,229236,518493,Средний
2030,82 лет,661626,197474,464152,Средний
2030,83 лет,557735,162667,395068,Средний
2030,84 лет,339406,101265,238141,Средний
2030,85 лет и более,2278793,553617,1725176,Средний
2030,Все население,143255177,66545413,76709764,Средний
2031,0 лет,1178475,606399,572076,Средний
2031,1 год,1171157,602575,568582,Средний
2031,2 года,1158034,595809,562225,Средний
2031,3 года,1146313,589764,556549,Средний
2031,4 года,1152728,593013,559715,Средний
2031,5 лет,1166305,599964,566341,Средний
2031,6 лет,1188327,611268,577059,Средний
2031,7 лет,1263869,650108,613761,Средний
2031,8 лет,1326869,681427,645442,Средний
2031,9 лет,1416100,728699,687401,Средний
2031,10 лет,1449930,746239,703691,Средний
2031,11 лет,1504071,773687,730384,Средний
2031,12 лет,1625974,838354,787620,Средний
2031,13 лет,1710051,879593,830458,Средний
2031,14 лет,1904988,979122,925866,Средний
2031,15 лет,1967573,1010502,957071,Средний
2031,16 лет,1950607,1003627,946980,Средний
2031,17 лет,1935579,994337,941242,Средний
2031,18 лет,1949227,1003414,945813,Средний
2031,19 лет,1851376,952742,898634,Средний
2031,20 лет,1807381,932793,874588,Средний
2031,21 лет,1767688,911096,856592,Средний
2031,22 лет,1767243,908924,858319,Средний
2031,23 лет,1669679,859087,810592,Средний
2031,24 лет,1537847,791570,746277,Средний
2031,25 лет,1565800,804233,761567,Средний
2031,26 лет,1524636,781576,743060,Средний
2031,27 лет,1557003,794963,762040,Средний
2031,28 лет,1520057,781460,738597,Средний
2031,29 лет,1426927,731373,695554,Средний
2031,30 лет,1531965,784133,747832,Средний
2031,31 лет,1439365,734574,704791,Средний
2031,32 лет,1429604,722387,707217,Средний
2031,33 лет,1370816,691302,679514,Средний
2031,34 лет,1509822,760623,749199,Средний
2031,35 лет,1616850,807608,809242,Средний
2031,36 лет,1565577,785278,780299,Средний
2031,37 лет,1606933,798258,808675,Средний
2031,38 лет,1794824,883517,911307,Средний
2031,39 лет,1971439,969356,1002083,Средний
2031,40 лет,2360931,1163198,1197733,Средний
2031,41 лет,2408527,1175003,1233524,Средний
2031,42 лет,2451242,1189552,1261690,Средний
2031,43 лет,2558083,1240376,1317707,Средний
2031,44 лет,2571268,1247832,1323436,Средний
2031,45 лет,2561765,1237974,1323791,Средний
2031,46 лет,2399974,1154573,1245401,Средний
2031,47 лет,2437133,1159247,1277886,Средний
2031,48 лет,2296938,1086427,1210511,Средний
2031,49 лет,2167006,1023113,1143893,Средний
2031,50 лет,2358900,1121695,1237205,Средний
2031,51 лет,2127215,995264,1131951,Средний
2031,52 лет,2089059,971899,1117160,Средний
2031,53 лет,1963875,903243,1060632,Средний
2031,54 лет,2036911,937526,1099385,Средний
2031,55 лет,2029161,927882,1101279,Средний
2031,56 лет,1897443,866301,1031142,Средний
2031,57 лет,1799088,813342,985746,Средний
2031,58 лет,1808627,814241,994386,Средний
2031,59 лет,1725017,773771,951246,Средний
2031,60 лет,1819363,824303,995060,Средний
2031,61 лет,1629236,721872,907364,Средний
2031,62 лет,1614628,709230,905398,Средний
2031,63 лет,1501477,647977,853500,Средний
2031,64 лет,1547534,661741,885793,Средний
2031,65 лет,1651153,701583,949570,Средний
2031,66 лет,1594536,661112,933424,Средний
2031,67 лет,1720486,705491,1014995,Средний
2031,68 лет,1712651,687066,1025585,Средний
2031,69 лет,1754171,694120,1060051,Средний
2031,70 лет,1892638,747896,1144742,Средний
2031,71 лет,1706555,655813,1050742,Средний
2031,72 лет,1664866,627132,1037734,Средний
2031,73 лет,1538031,568521,969510,Средний
2031,74 лет,1481786,536566,945220,Средний
2031,75 лет,1429209,507204,922005,Средний
2031,76 лет,1344084,464511,879573,Средний
2031,77 лет,1159848,391892,767956,Средний
2031,78 лет,1125953,372856,753097,Средний
2031,79 лет,1010817,323704,687113,Средний
2031,80 лет,968053,309920,658133,Средний
2031,81 лет,899565,275821,623744,Средний
2031,82 лет,692154,207997,484157,Средний
2031,83 лет,607416,177652,429764,Средний
2031,84 лет,507545,145043,362502,Средний
2031,85 лет и более,2194364,544517,1649847,Средний
2031,Все население,142815291,66348753,76466538,Средний
2032,0 лет,1190317,612497,577820,Средний
2032,1 год,1180757,607519,573238,Средний
2032,2 года,1174425,604234,570191,Средний
2032,3 года,1161728,597668,564060,Средний
2032,4 года,1150141,591656,558485,Средний
2032,5 лет,1156592,594932,561660,Средний
2032,6 лет,1170158,601877,568281,Средний
2032,7 лет,1192116,613164,578952,Средний
2032,8 лет,1267422,651881,615541,Средний
2032,9 лет,1330134,683044,647090,Средний
2032,10 лет,1419135,730212,688923,Средний
2032,11 лет,1452804,747674,705130,Средний
2032,12 лет,1506734,774994,731740,Средний
2032,13 лет,1628381,839517,788864,Средний
2032,14 лет,1712335,880675,831660,Средний
2032,15 лет,1906936,979999,926937,Средний
2032,16 лет,1969238,1011262,957976,Средний
2032,17 лет,1953171,1005031,948140,Средний
2032,18 лет,1940923,997583,943340,Средний
2032,19 лет,1957134,1008241,948893,Средний
2032,20 лет,1860626,958283,902343,Средний
2032,21 лет,1817529,938772,878757,Средний
2032,22 лет,1777897,916896,861001,Средний
2032,23 лет,1775562,913239,862323,Средний
2032,24 лет,1675498,861630,813868,Средний
2032,25 лет,1541641,792713,748928,Средний
2032,26 лет,1567360,803853,763507,Средний
2032,27 лет,1525924,781063,744861,Средний
2032,28 лет,1557238,793653,763585,Средний
2032,29 лет,1521067,780557,740510,Средний
2032,30 лет,1429481,731517,697964,Средний
2032,31 лет,1534328,784127,750201,Средний
2032,32 лет,1443333,735676,707657,Средний
2032,33 лет,1434071,723821,710250,Средний
2032,34 лет,1375906,693111,682795,Средний
2032,35 лет,1514400,762069,752331,Средний
2032,36 лет,1621343,808973,812370,Средний
2032,37 лет,1570513,786955,783558,Средний
2032,38 лет,1611065,799519,811546,Средний
2032,39 лет,1796880,883473,913407,Средний
2032,40 лет,1970944,967675,1003269,Средний
2032,41 лет,2356551,1158903,1197648,Средний
2032,42 лет,2402979,1169936,1233043,Средний
2032,43 лет,2444085,1183410,1260675,Средний
2032,44 лет,2548767,1232737,1316030,Средний
2032,45 лет,2561050,1239502,1321548,Средний
2032,46 лет,2551079,1229317,1321762,Средний
2032,47 лет,2389547,1146153,1243394,Средний
2032,48 лет,2425425,1150005,1275420,Средний
2032,49 лет,2285697,1077531,1208166,Средний
2032,50 лет,2155816,1014303,1141513,Средний
2032,51 лет,2345002,1110928,1234074,Средний
2032,52 лет,2114564,985428,1129136,Средний
2032,53 лет,2075642,961565,1114077,Средний
2032,54 лет,1950498,892999,1057499,Средний
2032,55 лет,2021328,925751,1095577,Средний
2032,56 лет,2012525,915384,1097141,Средний
2032,57 лет,1881174,853998,1027176,Средний
2032,58 лет,1782748,801081,981667,Средний
2032,59 лет,1790861,801094,989767,Средний
2032,60 лет,1706828,760392,946436,Средний
2032,61 лет,1798266,808941,989325,Средний
2032,62 лет,1609618,707837,901781,Средний
2032,63 лет,1593585,694414,899171,Средний
2032,64 лет,1480536,633529,847007,Средний
2032,65 лет,1523685,645691,877994,Средний
2032,66 лет,1623050,683102,939948,Средний
2032,67 лет,1565149,642326,922823,Средний
2032,68 лет,1685589,683693,1001896,Средний
2032,69 лет,1674857,664125,1010732,Средний
2032,70 лет,1711775,669030,1042745,Средний
2032,71 лет,1842419,718675,1123744,Средний
2032,72 лет,1657579,628273,1029306,Средний
2032,73 лет,1612593,598662,1013931,Средний
2032,74 лет,1485205,540634,944571,Средний
2032,75 лет,1426009,508105,917904,Средний
2032,76 лет,1370139,478087,892052,Средний
2032,77 лет,1283022,435603,847419,Средний
2032,78 лет,1101836,365447,736389,Средний
2032,79 лет,1063858,345566,718292,Средний
2032,80 лет,949465,298054,651411,Средний
2032,81 лет,902744,283255,619489,Средний
2032,82 лет,832418,250020,582398,Средний
2032,83 лет,635088,186889,448199,Средний
2032,84 лет,552172,158108,394064,Средний
2032,85 лет и более,2265539,573234,1692305,Средний
2032,Все население,142391549,66162952,76228597,Средний
2033,0 лет,1212754,624047,588707,Средний
2033,1 год,1192617,613623,578994,Средний
2033,2 года,1184012,609165,574847,Средний
2033,3 года,1178107,606084,572023,Средний
2033,4 года,1165556,599562,565994,Средний
2033,5 лет,1154051,593592,560459,Средний
2033,6 лет,1160491,596872,563619,Средний
2033,7 лет,1174006,603794,570212,Средний
2033,8 лет,1195734,614950,580784,Средний
2033,9 лет,1270723,653518,617205,Средний
2033,10 лет,1333232,684593,648639,Средний
2033,11 лет,1422019,731655,690364,Средний
2033,12 лет,1455546,749024,706522,Средний
2033,13 лет,1509313,776258,733055,Средний
2033,14 лет,1630873,840716,790157,Средний
2033,15 лет,1714640,881757,832883,Средний
2033,16 лет,1908733,980850,927883,Средний
2033,17 лет,1971797,1012662,959135,Средний
2033,18 лет,1958509,1008262,950247,Средний
2033,19 лет,1948901,1002457,946444,Средний
2033,20 лет,1966462,1013862,952600,Средний
2033,21 лет,1871216,964600,906616,Средний
2033,22 лет,1828545,945129,883416,Средний
2033,23 лет,1787496,922051,865445,Средний
2033,24 лет,1782178,916290,865888,Средний
2033,25 лет,1679879,863135,816744,Средний
2033,26 лет,1544793,793351,751442,Средний
2033,27 лет,1569039,803545,765494,Средний
2033,28 лет,1527195,780541,746654,Средний
2033,29 лет,1557484,792301,765183,Средний
2033,30 лет,1522539,779924,742615,Средний
2033,31 лет,1432579,732016,700563,Средний
2033,32 лет,1536970,784270,752700,Средний
2033,33 лет,1447379,736767,710612,Средний
2033,34 лет,1438799,725405,713394,Средний
2033,35 лет,1381405,695140,686265,Средний
2033,36 лет,1519227,763655,755572,Средний
2033,37 лет,1625752,810328,815424,Средний
2033,38 лет,1575102,788493,786609,Средний
2033,39 лет,1614697,800543,814154,Средний
2033,40 лет,1798390,883190,915200,Средний
2033,41 лет,1969967,965775,1004192,Средний
2033,42 лет,2351842,1154400,1197442,Средний
2033,43 лет,2396851,1164545,1232306,Средний
2033,44 лет,2436280,1176914,1259366,Средний
2033,45 лет,2539258,1225017,1314241,Средний
2033,46 лет,2550646,1231110,1319536,Средний
2033,47 лет,2539912,1220419,1319493,Средний
2033,48 лет,2378662,1137483,1241179,Средний
2033,49 лет,2413427,1140651,1272776,Средний
2033,50 лет,2274248,1068632,1205616,Средний
2033,51 лет,2144407,1005421,1138986,Средний
2033,52 лет,2330701,1099906,1230795,Средний
2033,53 лет,2101484,975370,1126114,Средний
2033,54 лет,2061835,951000,1110835,Средний
2033,55 лет,1936671,882501,1054170,Средний
2033,56 лет,2005388,913736,1091652,Средний
2033,57 лет,1995528,902634,1092894,Средний
2033,58 лет,1864522,841492,1023030,Средний
2033,59 лет,1766043,788654,977389,Средний
2033,60 лет,1772595,787659,984936,Средний
2033,61 лет,1688148,746778,941370,Средний
2033,62 лет,1776532,793273,983259,Средний
2033,63 лет,1589270,693379,895891,Средний
2033,64 лет,1571711,679155,892556,Средний
2033,65 лет,1458706,618630,840076,Средний
2033,66 лет,1498865,629156,869709,Средний
2033,67 лет,1593852,664051,929801,Средний
2033,68 лет,1534643,622970,911673,Средний
2033,69 лет,1649364,661261,988103,Средний
2033,70 лет,1635586,640556,995030,Средний
2033,71 лет,1667815,643309,1024506,Средний
2033,72 лет,1790238,688710,1101528,Средний
2033,73 лет,1606455,599978,1006477,Средний
2033,74 лет,1558000,569431,988569,Средний
2033,75 лет,1430065,512059,918006,Средний
2033,76 лет,1367754,478985,888769,Средний
2033,77 лет,1308336,448294,860042,Средний
2033,78 лет,1219156,406110,813046,Средний
2033,79 лет,1041366,338585,702781,Средний
2033,80 лет,999253,318001,681252,Средний
2033,81 лет,885585,272220,613365,Средний
2033,82 лет,834960,256497,578463,Средний
2033,83 лет,763155,224292,538863,Средний
2033,84 лет,576652,166007,410645,Средний
2033,85 лет и более,2364727,607815,1756912,Средний
2033,Все население,141989201,65990798,75998403,Средний
2034,0 лет,1243077,639650,603427,Средний
2034,1 год,1215018,625146,589872,Средний
2034,2 года,1195829,615233,580596,Средний
2034,3 года,1187657,610985,576672,Средний
2034,4 года,1181935,607972,573963,Средний
2034,5 лет,1169497,601506,567991,Средний
2034,6 лет,1158007,595553,562454,Средний
2034,7 лет,1164373,598795,565578,Средний
2034,8 лет,1177657,605603,572054,Средний
2034,9 лет,1199113,616627,582486,Средний
2034,10 лет,1273879,655086,618793,Средний
2034,11 лет,1336195,686074,650121,Средний
2034,12 лет,1424795,733013,691782,Средний
2034,13 лет,1458243,750331,707912,Средний
2034,14 лет,1512010,777555,734455,Средний
2034,15 лет,1633392,841902,791490,Средний
2034,16 лет,1716839,882812,834027,Средний
2034,17 лет,1911448,982317,929131,Средний
2034,18 лет,1977123,1015868,961255,Средний
2034,19 лет,1966524,1013155,953369,Средний
2034,20 лет,1958485,1008270,950215,Средний
2034,21 лет,1977256,1020339,956917,Средний
2034,22 лет,1882861,971399,911462,Средний
2034,23 лет,1839194,950991,888203,Средний
2034,24 лет,1795620,926088,869532,Средний
2034,25 лет,1787223,918203,869020,Средний
2034,26 лет,1683346,863956,819390,Средний
2034,27 лет,1547842,793930,753912,Средний
2034,28 лет,1570450,803060,767390,Средний
2034,29 лет,1528260,779818,748442,Средний
2034,30 лет,1558027,791102,766925,Средний
2034,31 лет,1524511,779618,744893,Средний
2034,32 лет,1435928,732633,703295,Средний
2034,33 лет,1539720,784448,755272,Средний
2034,34 лет,1451600,737974,713626,Средний
2034,35 лет,1443867,727173,716694,Средний
2034,36 лет,1387091,697279,689812,Средний
2034,37 лет,1524014,765264,758750,Средний
2034,38 лет,1629927,811631,818296,Средний
2034,39 лет,1579254,789853,789401,Средний
2034,40 лет,1617799,801340,816459,Средний
2034,41 лет,1799421,882702,916719,Средний
2034,42 лет,1968656,963699,1004957,Средний
2034,43 лет,2346552,1149603,1196949,Средний
2034,44 лет,2390063,1158814,1231249,Средний
2034,45 лет,2428261,1170332,1257929,Средний
2034,46 лет,2529528,1217223,1312305,Средний
2034,47 лет,2539712,1222498,1317214,Средний
2034,48 лет,2528246,1211297,1316949,Средний
2034,49 лет,2367426,1128686,1238740,Средний
2034,50 лет,2401167,1131279,1269888,Средний
2034,51 лет,2262535,1059639,1202896,Средний
2034,52 лет,2132554,996273,1136281,Средний
2034,53 лет,2315908,1088636,1227272,Средний
2034,54 лет,2087934,965052,1122882,Средний
2034,55 лет,2047490,940164,1107326,Средний
2034,56 лет,1922403,871747,1050656,Средний
2034,57 лет,1988974,901454,1087520,Средний
2034,58 лет,1978026,889637,1088389,Средний
2034,59 лет,1847358,828749,1018609,Средний
2034,60 лет,1748696,775884,972812,Средний
2034,61 лет,1753678,773928,979750,Средний
2034,62 лет,1668735,732835,935900,Средний
2034,63 лет,1753906,777127,976779,Средний
2034,64 лет,1567945,678439,889506,Средний
2034,65 лет,1548786,663386,885400,Средний
2034,66 лет,1435785,603211,832574,Средний
2034,67 лет,1472870,612033,860837,Средний
2034,68 лет,1563354,644351,919003,Средний
2034,69 лет,1502703,602937,899766,Средний
2034,70 лет,1611487,638120,973367,Средний
2034,71 лет,1594667,616300,978367,Средний
2034,72 лет,1621901,616802,1005099,Средний
2034,73 лет,1735632,657810,1077822,Средний
2034,74 лет,1552932,570804,982128,Средний
2034,75 лет,1500954,539386,961568,Средний
2034,76 лет,1372443,482719,889724,Средний
2034,77 лет,1306816,449080,857736,Средний
2034,78 лет,1243768,417809,825959,Средний
2034,79 лет,1152765,376068,776697,Средний
2034,80 лет,978655,311379,667276,Средний
2034,81 лет,932291,290172,642119,Средний
2034,82 лет,819611,246240,573371,Средний
2034,83 лет,765484,229761,535723,Средний
2034,84 лет,692767,198834,493933,Средний
2034,85 лет и более,2475605,642663,1832942,Средний
2034,Все население,141621336,65835114,75786222,Средний
2035,0 лет,1263879,650366,613513,Средний
2035,1 год,1245365,640768,604597,Средний
2035,2 года,1218217,626751,591466,Средний
2035,3 года,1199464,617037,582427,Средний
2035,4 года,1191502,612866,578636,Средний
2035,5 лет,1185873,609899,575974,Средний
2035,6 лет,1173470,603459,570011,Средний
2035,7 лет,1161920,597483,564437,Средний
2035,8 лет,1168080,600623,567457,Средний
2035,9 лет,1181055,607283,573772,Средний
2035,10 лет,1202310,618219,584091,Средний
2035,11 лет,1276880,656584,620296,Средний
2035,12 лет,1339034,687470,651564,Средний
2035,13 лет,1427515,734345,693170,Средний
2035,14 лет,1461045,751692,709353,Средний
2035,15 лет,1514755,778871,735884,Средний
2035,16 лет,1635839,843090,792749,Средний
2035,17 лет,1720005,884529,835476,Средний
2035,18 лет,1916936,985602,931334,Средний
2035,19 лет,1985189,1020797,964392,Средний
2035,20 лет,1976322,1019106,957216,Средний
2035,21 лет,1969684,1015041,954643,Средний
2035,22 лет,1989276,1027424,961852,Средний
2035,23 лет,1894373,977862,916511,Средний
2035,24 лет,1848620,955879,892741,Средний
2035,25 лет,1802317,929064,873253,Средний
2035,26 лет,1791212,919346,871866,Средний
2035,27 лет,1686399,864525,821874,Средний
2035,28 лет,1550375,794162,756213,Средний
2035,29 лет,1571402,802211,769191,Средний
2035,30 лет,1529406,779125,750281,Средний
2035,31 лет,1559003,790188,768815,Средний
2035,32 лет,1526755,779451,747304,Средний
2035,33 лет,1439340,733267,706073,Средний
2035,34 лет,1542684,784760,757924,Средний
2035,35 лет,1456126,739326,716800,Средний
2035,36 лет,1449090,729021,720069,Средний
2035,37 лет,1392662,699397,693265,Средний
2035,38 лет,1528595,766844,761751,Средний
2035,39 лет,1633726,812795,820931,Средний
2035,40 лет,1582907,791023,791884,Средний
2035,41 лет,1620451,801971,818480,Средний
2035,42 лет,1800125,882059,918066,Средний
2035,43 лет,1966753,961324,1005429,Средний
2035,44 лет,2340606,1144489,1196117,Средний
2035,45 лет,2383012,1152972,1230040,Средний
2035,46 лет,2419979,1163665,1256314,Средний
2035,47 лет,2519264,1209218,1310046,Средний
2035,48 лет,2528297,1213662,1314635,Средний
2035,49 лет,2516206,1202032,1314174,Средний
2035,50 лет,2355860,1119836,1236024,Средний
2035,51 лет,2388541,1121783,1266758,Средний
2035,52 лет,2250326,1050386,1199940,Средний
2035,53 лет,2120190,986877,1133313,Средний
2035,54 лет,2300562,1077094,1223468,Средний
2035,55 лет,2073762,954416,1119346,Средний
2035,56 лет,2032566,928994,1103572,Средний
2035,57 лет,1907584,860680,1046904,Средний
2035,58 лет,1971985,888880,1083105,Средний
2035,59 лет,1959911,876380,1083531,Средний
2035,60 лет,1829433,815628,1013805,Средний
2035,61 лет,1730567,762772,967795,Средний
2035,62 лет,1733856,759796,974060,Средний
2035,63 лет,1648292,718354,929938,Средний
2035,64 лет,1730159,760437,969722,Средний
2035,65 лет,1545476,662962,882514,Средний
2035,66 лет,1524627,647042,877585,Средний
2035,67 лет,1411586,587167,824419,Средний
2035,68 лет,1445508,594250,851258,Средний
2035,69 лет,1531282,623933,907349,Средний
2035,70 лет,1469105,582203,886902,Средний
2035,71 лет,1571831,614241,957590,Средний
2035,72 лет,1551705,591215,960490,Средний
2035,73 лет,1573592,589384,984208,Средний
2035,74 лет,1678270,625872,1052398,Средний
2035,75 лет,1496778,540721,956057,Средний
2035,76 лет,1441129,508423,932706,Средний
2035,77 лет,1312037,452523,859514,Средний
2035,78 лет,1243059,418404,824655,Средний
2035,79 лет,1176606,386673,789933,Средний
2035,80 лет,1083913,345580,738333,Средний
2035,81 лет,913748,283874,629874,Средний
2035,82 лет,863343,262163,601180,Средний
2035,83 лет,752185,220272,531913,Средний
2035,84 лет,695202,203307,491895,Средний
2035,85 лет и более,2681386,699263,1982123,Средний
2035,Все население,141279262,65690728,75588534,Средний
2036,0 лет,1287607,662577,625030,Средний
2036,1 год,1266153,651461,614692,Средний
2036,2 года,1248517,642328,606189,Средний
2036,3 года,1221836,628531,593305,Средний
2036,4 года,1203291,618907,584384,Средний
2036,5 лет,1195437,614785,580652,Средний
2036,6 лет,1189883,611862,578021,Средний
2036,7 лет,1177419,605401,572018,Средний
2036,8 лет,1165646,599319,566327,Средний
2036,9 лет,1171505,602309,569196,Средний
2036,10 лет,1184262,608874,575388,Средний
2036,11 лет,1205377,619749,585628,Средний
2036,12 лет,1279784,658013,621771,Средний
2036,13 лет,1341865,688858,653007,Средний
2036,14 лет,1430399,735740,694659,Средний
2036,15 лет,1463913,753071,710842,Средний
2036,16 лет,1517466,780202,737264,Средний
2036,17 лет,1639284,844949,794335,Средний
2036,18 лет,1725915,888038,837877,Средний
2036,19 лет,1925205,990643,934562,Средний
2036,20 лет,1995148,1026869,968279,Средний
2036,21 лет,1987842,1026100,961742,Средний
2036,22 лет,1982271,1022518,959753,Средний
2036,23 лет,2001376,1034294,967082,Средний
2036,24 лет,1904943,983512,921431,Средний
2036,25 лет,1856829,959827,897002,Средний
2036,26 лет,1807948,931271,876677,Средний
2036,27 лет,1794438,920025,874413,Средний
2036,28 лет,1688578,864524,824054,Средний
2036,29 лет,1552157,793854,758303,Средний
2036,30 лет,1572171,801193,770978,Средний
2036,31 лет,1530799,778550,752249,Средний
2036,32 лет,1560229,789398,770831,Средний
2036,33 лет,1529115,779343,749772,Средний
2036,34 лет,1442915,734012,708903,Средний
2036,35 лет,1545934,785242,760692,Средний
2036,36 лет,1460774,740771,720003,Средний
2036,37 лет,1454222,730884,723338,Средний
2036,38 лет,1398046,701509,696537,Средний
2036,39 лет,1532858,768349,764509,Средний
2036,40 лет,1637140,813857,823283,Средний
2036,41 лет,1586141,792042,794099,Средний
2036,42 лет,1622771,802434,820337,Средний
2036,43 лет,1800269,881123,919146,Средний
2036,44 лет,1964227,958633,1005594,Средний
2036,45 лет,2334399,1139256,1195143,Средний
2036,46 лет,2375684,1147037,1228647,Средний
2036,47 лет,2411174,1156791,1254383,Средний
2036,48 лет,2508547,1201012,1307535,Средний
2036,49 лет,2516543,1204724,1311819,Средний
2036,50 лет,2503840,1192741,1311099,Средний
2036,51 лет,2343960,1110878,1233082,Средний
2036,52 лет,2375466,1112053,1263413,Средний
2036,53 лет,2237622,1040891,1196731,Средний
2036,54 лет,2107318,977238,1130080,Средний
2036,55 лет,2284565,1065206,1219359,Средний
2036,56 лет,2058974,943426,1115548,Средний
2036,57 лет,2017038,917489,1099549,Средний
2036,58 лет,1892167,849315,1042852,Средний
2036,59 лет,1954337,876029,1078308,Средний
2036,60 лет,1940946,862681,1078265,Средний
2036,61 лет,1810629,802083,1008546,Средний
2036,62 лет,1711478,749193,962285,Средний
2036,63 лет,1712941,745065,967876,Средний
2036,64 лет,1626714,703300,923414,Средний
2036,65 лет,1705106,743092,962014,Средний
2036,66 лет,1521696,646825,874871,Средний
2036,67 лет,1499068,629985,869083,Средний
2036,68 лет,1385988,570415,815573,Средний
2036,69 лет,1416586,575714,840872,Средний
2036,70 лет,1497441,602687,894754,Средний
2036,71 лет,1433778,560692,873086,Средний
2036,72 лет,1530041,589414,940627,Средний
2036,73 лет,1506325,565125,941200,Средний
2036,74 лет,1522662,560905,961757,Средний
2036,75 лет,1617946,592823,1025123,Средний
2036,76 лет,1437759,509622,928137,Средний
2036,77 лет,1378282,476480,901802,Средний
2036,78 лет,1248650,421444,827206,Средний
2036,79 лет,1176589,387028,789561,Средний
2036,80 лет,1106841,355050,751791,Средний
2036,81 лет,1012517,314731,697786,Средний
2036,82 лет,846778,256180,590598,Средний
2036,83 лет,792733,234174,558559,Средний
2036,84 лет,683769,194577,489192,Средний
2036,85 лет и более,2868153,749357,2118796,Средний
2036,Все население,140962955,65558479,75404476,Средний
2037,0 лет,1314177,676254,637923,Средний
2037,1 год,1289876,663669,626207,Средний
2037,2 года,1269298,653018,616280,Средний
2037,3 года,1252112,644094,608018,Средний
2037,4 года,1225651,630388,595263,Средний
2037,5 лет,1207238,620820,586418,Средний
2037,6 лет,1199456,616743,582713,Средний
2037,7 лет,1193847,613799,580048,Средний
2037,8 лет,1181154,607237,573917,Средний
2037,9 лет,1169081,601003,568078,Средний
2037,10 лет,1174722,603908,570814,Средний
2037,11 лет,1187339,610409,576930,Средний
2037,12 лет,1208333,621205,587128,Средний
2037,13 лет,1282692,659443,623249,Средний
2037,14 лет,1344861,690315,654546,Средний
2037,15 лет,1433345,737162,696183,Средний
2037,16 лет,1466787,754485,712302,Средний
2037,17 лет,1521210,782214,738996,Средний
2037,18 лет,1645470,848590,796880,Средний
2037,19 лет,1734686,893372,841314,Средний
2037,20 лет,1935480,996928,938552,Средний
2037,21 лет,2006971,1034085,972886,Средний
2037,22 лет,2000926,1033918,967008,Средний
2037,23 лет,1995168,1029930,965238,Средний
2037,24 лет,2012734,1040472,972262,Средний
2037,25 лет,1914477,988346,926131,Средний
2037,26 лет,1864041,963046,900995,Средний
2037,27 лет,1812721,932932,879789,Средний
2037,28 лет,1796428,919890,876538,Средний
2037,29 лет,1689665,863754,825911,Средний
2037,30 лет,1553508,793194,760314,Средний
2037,31 лет,1572979,800176,772803,Средний
2037,32 лет,1532301,778012,754289,Средний
2037,33 лет,1561578,788665,772913,Средний
2037,34 лет,1531675,779368,752307,Средний
2037,35 лет,1446737,734894,711843,Средний
2037,36 лет,1549343,785835,763508,Средний
2037,37 лет,1465369,742254,723115,Средний
2037,38 лет,1459195,732773,726422,Средний
2037,39 лет,1403115,703539,699576,Средний
2037,40 лет,1536794,769779,767015,Средний
2037,41 лет,1640210,814816,825394,Средний
2037,42 лет,1589092,792935,796157,Средний
2037,43 лет,1624539,802619,821920,Средний
2037,44 лет,1799783,879872,919911,Средний
2037,45 лет,1961444,955817,1005627,Средний
2037,46 лет,2327893,1133919,1193974,Средний
2037,47 лет,2367846,1140893,1226953,Средний
2037,48 лет,2401923,1149701,1252222,Средний
2037,49 лет,2497481,1192686,1304795,Средний
2037,50 лет,2504437,1195704,1308733,Средний
2037,51 лет,2491084,1183284,1307800,Средний
2037,52 лет,2331566,1101638,1229928,Средний
2037,53 лет,2361863,1102064,1259799,Средний
2037,54 лет,2224404,1031124,1193280,Средний
2037,55 лет,2093792,967220,1126572,Средний
2037,56 лет,2267873,1052916,1214957,Средний
2037,57 лет,2043552,932056,1111496,Средний
2037,58 лет,2000889,905641,1095248,Средний
2037,59 лет,1876119,837642,1038477,Средний
2037,60 лет,1935847,862701,1073146,Средний
2037,61 лет,1921061,848519,1072542,Средний
2037,62 лет,1790803,788013,1002790,Средний
2037,63 лет,1691261,734972,956289,Средний
2037,64 лет,1690827,729715,961112,Средний
2037,65 лет,1603873,687600,916273,Средний
2037,66 лет,1678657,725031,953626,Средний
2037,67 лет,1496516,629969,866547,Средний
2037,68 лет,1472035,612153,859882,Средний
2037,69 лет,1358856,552885,805971,Средний
2037,70 лет,1385976,556359,829617,Средний
2037,71 лет,1461780,580579,881201,Средний
2037,72 лет,1396453,538262,858191,Средний
2037,73 лет,1485835,563523,922312,Средний
2037,74 лет,1458379,537946,920433,Средний
2037,75 лет,1468956,531332,937624,Средний
2037,76 лет,1554460,558582,995878,Средний
2037,77 лет,1375641,477465,898176,Средний
2037,78 лет,1312264,443554,868710,Средний
2037,79 лет,1182465,389610,792855,Средний
2037,80 лет,1107403,355086,752317,Средний
2037,81 лет,1034351,322994,711357,Средний
2037,82 лет,938728,283632,655096,Средний
2037,83 лет,778044,228488,549556,Средний
2037,84 лет,720958,206475,514483,Средний
2037,85 лет и более,3022593,781451,2241142,Средний
2037,Все население,140672352,65439361,75232991,Средний
2038,0 лет,1347191,693253,653938,Средний
2038,1 год,1316436,677349,639087,Средний
2038,2 года,1292962,665189,627773,Средний
2038,3 года,1272837,654743,618094,Средний
2038,4 года,1255893,645922,609971,Средний
2038,5 лет,1229570,632277,597293,Средний
2038,6 лет,1211226,622762,588464,Средний
2038,7 лет,1203406,618667,584739,Средний
2038,8 лет,1197571,615624,581947,Средний
2038,9 лет,1184592,608919,575673,Средний
2038,10 лет,1172299,602592,569707,Средний
2038,11 лет,1177772,605419,572353,Средний
2038,12 лет,1190304,611868,578436,Средний
2038,13 лет,1211297,622660,588637,Средний
2038,14 лет,1285776,660947,624829,Средний
2038,15 лет,1347956,691825,656131,Средний
2038,16 лет,1436336,738637,697699,Средний
2038,17 лет,1470738,756600,714138,Средний
2038,18 лет,1527683,786011,741672,Средний
2038,19 лет,1654549,854100,800449,Средний
2038,20 лет,1745602,900058,845544,Средний
2038,21 лет,1947695,1004401,943294,Средний
2038,22 лет,2020373,1042123,978250,Средний
2038,23 лет,2014437,1041731,972706,Средний
2038,24 лет,2007560,1036795,970765,Средний
2038,25 лет,2023229,1045939,977290,Средний
2038,26 лет,1923181,992551,930630,Средний
2038,27 лет,1870368,965710,904658,Средний
2038,28 лет,1816059,933666,882393,Средний
2038,29 лет,1796953,918754,878199,Средний
2038,30 лет,1689958,862405,827553,Средний
2038,31 лет,1554628,792354,762274,Средний
2038,32 лет,1573746,799070,774676,Средний
2038,33 лет,1533847,777476,756371,Средний
2038,34 лет,1563147,788091,775056,Средний
2038,35 лет,1534479,779542,754937,Средний
2038,36 лет,1450628,735830,714798,Средний
2038,37 лет,1552713,786492,766221,Средний
2038,38 лет,1469775,743743,726032,Средний
2038,39 лет,1463885,734590,729295,Средний
2038,40 лет,1407839,705500,702339,Средний
2038,41 лет,1540407,771130,769277,Средний
2038,42 лет,1642989,815664,827325,Средний
2038,43 лет,1591465,793536,797929,Средний
2038,44 лет,1625661,802472,823189,Средний
2038,45 лет,1799014,878476,920538,Средний
2038,46 лет,1958347,952871,1005476,Средний
2038,47 лет,2320893,1128368,1192525,Средний
2038,48 лет,2359557,1134523,1225034,Средний
2038,49 лет,2392322,1142477,1249845,Средний
2038,50 лет,2486093,1184292,1301801,Средний
2038,51 лет,2491957,1186531,1305426,Средний
2038,52 лет,2477824,1173556,1304268,Средний
2038,53 лет,2318655,1092156,1226499,Средний
2038,54 лет,2347748,1091803,1255945,Средний
2038,55 лет,2210474,1020960,1189514,Средний
2038,56 лет,2079588,956802,1122786,Средний
2038,57 лет,2250462,1040201,1210261,Средний
2038,58 лет,2027399,920310,1107089,Средний
2038,59 лет,1984000,893443,1090557,Средний
2038,60 лет,1859164,825475,1033689,Средний
2038,61 лет,1916353,848874,1067479,Средний
2038,62 лет,1900021,833754,1066267,Средний
2038,63 лет,1769776,773252,996524,Средний
2038,64 лет,1669836,720104,949732,Средний
2038,65 лет,1667394,713664,953730,Средний
2038,66 лет,1579679,671195,908484,Средний
2038,67 лет,1650707,706170,944537,Средний
2038,68 лет,1469851,612302,857549,Средний
2038,69 лет,1443356,593455,849901,Средний
2038,70 лет,1330107,534551,795556,Средний
2038,71 лет,1353654,536178,817476,Средний
2038,72 лет,1424050,557486,866564,Средний
2038,73 лет,1356867,514796,842071,Средний
2038,74 лет,1439031,536487,902544,Средний
2038,75 лет,1407706,509663,898043,Средний
2038,76 лет,1412306,500653,911653,Средний
2038,77 лет,1487588,523147,964441,Средний
2038,78 лет,1310284,444274,866010,Средний
2038,79 лет,1243208,409788,833420,Средний
2038,80 лет,1113488,357202,756286,Средний
2038,81 лет,1035452,322721,712731,Средний
2038,82 лет,959429,290725,668704,Средний
2038,83 лет,863033,252608,610425,Средний
2038,84 лет,708222,201168,507054,Средний
2038,85 лет и более,3191272,816029,2375243,Средний
2038,Все население,140413185,65337477,75075708,Средний
2039,0 лет,1369749,704859,664890,Средний
2039,1 год,1349433,694326,655107,Средний
2039,2 года,1319480,678831,640649,Средний
2039,3 года,1296472,666886,629586,Средний
2039,4 года,1276574,656535,620039,Средний
2039,5 лет,1259778,647786,611992,Средний
2039,6 лет,1233528,634190,599338,Средний
2039,7 лет,1215161,624664,590497,Средний
2039,8 лет,1207128,620481,586647,Средний
2039,9 лет,1201003,617303,583700,Средний
2039,10 лет,1187793,610495,577298,Средний
2039,11 лет,1175326,604091,571235,Средний
2039,12 лет,1180720,606870,573850,Средний
2039,13 лет,1193294,613330,579964,Средний
2039,14 лет,1214475,624206,590269,Средний
2039,15 лет,1288961,662488,626473,Средний
2039,16 лет,1351091,693358,657733,Средний
2039,17 лет,1440378,740783,699595,Средний
2039,18 лет,1477341,760446,716895,Средний
2039,19 лет,1537058,791678,745380,Средний
2039,20 лет,1665834,860998,804836,Средний
2039,21 лет,1758483,907940,850543,Средний
2039,22 лет,1961606,1012769,948837,Средний
2039,23 лет,2034401,1050282,984119,Средний
2039,24 лет,2027697,1049161,978536,Средний
2039,25 лет,2019396,1043140,976256,Средний
2039,26 лет,2033048,1050884,982164,Средний
2039,27 лет,1930998,996211,934787,Средний
2039,28 лет,1875106,967339,907767,Средний
2039,29 лет,1817639,933197,884442,Средний
2039,30 лет,1796286,916769,879517,Средний
2039,31 лет,1689731,860653,829078,Средний
2039,32 лет,1555502,791286,764216,Средний
2039,33 лет,1574465,797908,776557,Средний
2039,34 лет,1535536,777038,758498,Средний
2039,35 лет,1564963,787667,777296,Средний
2039,36 лет,1537365,779801,757564,Средний
2039,37 лет,1454382,736756,717626,Средний
2039,38 лет,1555933,787191,768742,Средний
2039,39 лет,1473968,745227,728741,Средний
2039,40 лет,1468298,736387,731911,Средний
2039,41 лет,1412276,707402,704874,Средний
2039,42 лет,1543786,772405,771381,Средний
2039,43 лет,1645247,816263,828984,Средний
2039,44 лет,1593221,793824,799397,Средний
2039,45 лет,1626492,802172,824320,Средний
2039,46 лет,1797933,876952,920981,Средний
2039,47 лет,1954754,949702,1005052,Средний
2039,48 лет,2313442,1122592,1190850,Средний
2039,49 лет,2350912,1128019,1222893,Средний
2039,50 лет,2382404,1135188,1247216,Средний
2039,51 лет,2474300,1175725,1298575,Средний
2039,52 лет,2478961,1177083,1301878,Средний
2039,53 лет,2464044,1163565,1300479,Средний
2039,54 лет,2305233,1082392,1222841,Средний
2039,55 лет,2332901,1081137,1251764,Средний
2039,56 лет,2195829,1010379,1185450,Средний
2039,57 лет,2064640,945934,1118706,Средний
2039,58 лет,2232285,1027067,1205218,Средний
2039,59 лет,2010560,908196,1102364,Средний
2039,60 лет,1966232,880726,1085506,Средний
2039,61 лет,1841261,812791,1028470,Средний
2039,62 лет,1895731,834412,1061319,Средний
2039,63 лет,1877741,818243,1059498,Средний
2039,64 лет,1747460,757775,989685,Средний
2039,65 лет,1647073,704523,942550,Средний
2039,66 лет,1642562,696866,945696,Средний
2039,67 лет,1554011,653983,900028,Средний
2039,68 лет,1621141,686401,934740,Средний
2039,69 лет,1441542,593749,847793,Средний
2039,70 лет,1412969,573879,839090,Средний
2039,71 лет,1299675,515379,784296,Средний
2039,72 лет,1319426,515047,804379,Средний
2039,73 лет,1384011,533283,850728,Средний
2039,74 лет,1314885,490247,824638,Средний
2039,75 лет,1389519,508319,881200,Средний
2039,76 лет,1354184,480263,873921,Средний
2039,77 лет,1352516,468820,883696,Средний
2039,78 лет,1417194,486540,930654,Средний
2039,79 лет,1241863,410220,831643,Средний
2039,80 лет,1171213,375399,795814,Средний
2039,81 лет,1041691,324345,717346,Средний
2039,82 лет,961021,290162,670859,Средний
2039,83 лет,882521,258567,623954,Средний
2039,84 лет,786010,221993,564017,Средний
2039,85 лет и более,3325142,836595,2488547,Средний
2039,Все население,140173194,65246734,74926460,Средний
2040,0 лет,1386350,713411,672939,Средний
2040,1 год,1371981,705928,666053,Средний
2040,2 года,1352451,695783,656668,Средний
2040,3 года,1322946,680488,642458,Средний
2040,4 года,1300167,668654,631513,Средний
2040,5 лет,1280422,658373,622049,Средний
2040,6 лет,1263706,649670,614036,Средний
2040,7 лет,1237445,636071,601374,Средний
2040,8 лет,1218875,626467,592408,Средний
2040,9 лет,1210561,622149,588412,Средний
2040,10 лет,1204193,618865,585328,Средний
2040,11 лет,1190816,611991,578825,Средний
2040,12 лет,1178252,605524,572728,Средний
2040,13 лет,1183703,608320,575383,Средний
2040,14 лет,1196463,614871,581592,Средний
2040,15 лет,1217759,625801,591958,Средний
2040,16 лет,1292254,664106,628148,Средний
2040,17 лет,1355326,695602,659724,Средний
2040,18 лет,1447091,744672,702419,Средний
2040,19 лет,1486907,766222,720685,Средний
2040,20 лет,1548773,798862,749911,Средний
2040,21 лет,1679205,869195,810010,Средний
2040,22 лет,1773157,916782,856375,Средний
2040,23 лет,1976267,1021323,954944,Средний
2040,24 лет,2048401,1058192,990209,Средний
2040,25 лет,2040687,1056258,984429,Средний
2040,26 лет,2030791,1049141,981650,Средний
2040,27 лет,2042018,1055300,986718,Средний
2040,28 лет,1937147,998771,938376,Средний
2040,29 лет,1877848,967611,910237,Средний
2040,30 лет,1817691,931660,886031,Средний
2040,31 лет,1794724,914139,880585,Средний
2040,32 лет,1689004,858515,830489,Средний
2040,33 лет,1556165,790050,766115,Средний
2040,34 лет,1575289,796821,778468,Средний
2040,35 лет,1537419,776712,760707,Средний
2040,36 лет,1566898,787343,779555,Средний
2040,37 лет,1540144,780071,760073,Средний
2040,38 лет,1457961,737718,720243,Средний
2040,39 лет,1559041,787953,771088,Средний
2040,40 лет,1477944,746729,731215,Средний
2040,41 лет,1472499,738179,734320,Средний
2040,42 лет,1416471,709225,707246,Средний
2040,43 лет,1546658,773445,773213,Средний
2040,44 лет,1646908,816559,830349,Средний
2040,45 лет,1594664,793948,800716,Средний
2040,46 лет,1627012,801742,825270,Средний
2040,47 лет,1796347,875188,921159,Средний
2040,48 лет,1950694,946284,1004410,Средний
2040,49 лет,2305628,1116661,1188967,Средний
2040,50 лет,2341947,1121426,1220521,Средний
2040,51 лет,2372069,1127702,1244367,Средний
2040,52 лет,2461980,1166862,1295118,Средний
2040,53 лет,2465423,1167362,1298061,Средний
2040,54 лет,2449726,1153286,1296440,Средний
2040,55 лет,2291108,1072223,1218885,Средний
2040,56 лет,2317332,1070033,1247299,Средний
2040,57 лет,2180420,999318,1181102,Средний
2040,58 лет,2048953,934650,1114303,Средний
2040,59 лет,2213343,1013548,1199795,Средний
2040,60 лет,1992774,895541,1097233,Средний
2040,61 лет,1947377,867420,1079957,Средний
2040,62 лет,1822152,799436,1022716,Средний
2040,63 лет,1873765,819150,1054615,Средний
2040,64 лет,1854073,801960,1052113,Средний
2040,65 лет,1723732,741528,982204,Средний
2040,66 лет,1622865,688147,934718,Средний
2040,67 лет,1616147,679191,936956,Средний
2040,68 лет,1526781,635902,890879,Средний
2040,69 лет,1589737,665621,924116,Средний
2040,70 лет,1411463,574274,837189,Средний
2040,71 лет,1380754,553364,827390,Средний
2040,72 лет,1267307,495218,772089,Средний
2040,73 лет,1282948,492814,790134,Средний
2040,74 лет,1341433,507874,833559,Средний
2040,75 лет,1270303,464540,805763,Средний
2040,76 лет,1337065,478923,858142,Средний
2040,77 лет,1297485,449644,847841,Средний
2040,78 лет,1289330,435828,853502,Средний
2040,79 лет,1343314,448886,894428,Средний
2040,80 лет,1170287,375443,794844,Средний
2040,81 лет,1096037,340481,755556,Средний
2040,82 лет,967207,291230,675977,Средний
2040,83 лет,884417,257659,626758,Средний
2040,84 лет,804070,226799,577271,Средний
2040,85 лет и более,3508993,868877,2640116,Средний
2040,Все население,139945240,65165505,74779735,Средний
2041,0 лет,1400643,720773,679870,Средний
2041,1 год,1388568,714465,674103,Средний
2041,2 года,1374948,707347,667601,Средний
2041,3 года,1355868,697419,658449,Средний
2041,4 года,1326595,682228,644367,Средний
2041,5 лет,1303973,670450,633523,Средний
2041,6 лет,1284304,660215,624089,Средний
2041,7 лет,1267576,651518,616058,Средний
2041,8 лет,1241119,637845,603274,Средний
2041,9 лет,1222285,628117,594168,Средний
2041,10 лет,1213748,623714,590034,Средний
2041,11 лет,1207214,620352,586862,Средний
2041,12 лет,1193710,613403,580307,Средний
2041,13 лет,1181225,606973,574252,Средний
2041,14 лет,1186876,609856,577020,Средний
2041,15 лет,1199813,616498,583315,Средний
2041,16 лет,1221178,627483,593695,Средний
2041,17 лет,1296622,666408,630214,Средний
2041,18 лет,1362206,699567,662639,Средний
2041,19 лет,1456787,750515,706272,Средний
2041,20 лет,1498926,773599,725327,Средний
2041,21 лет,1562620,807363,755257,Средний
2041,22 лет,1694393,878342,816051,Средний
2041,23 лет,1788680,925864,862816,Средний
2041,24 лет,1991060,1029731,961329,Средний
2041,25 лет,2062347,1065910,996437,Средний
2041,26 лет,2053498,1063183,990315,Средний
2041,27 лет,2041517,1054735,986782,Средний
2041,28 лет,2049265,1058592,990673,Средний
2041,29 лет,1941160,999895,941265,Средний
2041,30 лет,1878736,966598,912138,Средний
2041,31 лет,1816497,929240,887257,Средний
2041,32 лет,1792390,910920,881470,Средний
2041,33 лет,1687907,856086,831821,Средний
2041,34 лет,1556801,788781,768020,Средний
2041,35 лет,1576286,795836,780450,Средний
2041,36 лет,1539395,776463,762932,Средний
2041,37 лет,1568765,787076,781689,Средний
2041,38 лет,1542762,780389,762373,Средний
2041,39 лет,1461357,738709,722648,Средний
2041,40 лет,1562035,788808,773227,Средний
2041,41 лет,1481809,748297,733512,Средний
2041,42 лет,1476548,739959,736589,Средний
2041,43 лет,1420191,710841,709350,Средний
2041,44 лет,1548977,774208,774769,Средний
2041,45 лет,1648295,816725,831570,Средний
2041,46 лет,1595820,793963,801857,Средний
2041,47 лет,1627059,801097,825962,Средний
2041,48 лет,1794290,873161,921129,Средний
2041,49 лет,1946251,942681,1003570,Средний
2041,50 лет,2297459,1110611,1186848,Средний
2041,51 лет,2332532,1114604,1217928,Средний
2041,52 лет,2361200,1119902,1241298,Средний
2041,53 лет,2449116,1157712,1291404,Средний
2041,54 лет,2451340,1157333,1294007,Средний
2041,55 лет,2434688,1142598,1292090,Средний
2041,56 лет,2276227,1061590,1214637,Средний
2041,57 лет,2300949,1058423,1242526,Средний
2041,58 лет,2164236,987821,1176415,Средний
2041,59 лет,2032498,922965,1109533,Средний
2041,60 лет,2193356,999391,1193965,Средний
2041,61 лет,1973869,882271,1091598,Средний
2041,62 лет,1927266,853412,1073854,Средний
2041,63 лет,1801731,785279,1016452,Средний
2041,64 лет,1850410,803101,1047309,Средний
2041,65 лет,1828910,784856,1044054,Средний
2041,66 лет,1698481,724438,974043,Средний
2041,67 лет,1597084,670896,926188,Средний
2041,68 лет,1588113,660602,927511,Средний
2041,69 лет,1497828,616862,880966,Средний
2041,70 лет,1556418,643816,912602,Средний
2041,71 лет,1379595,553861,825734,Средний
2041,72 лет,1346491,531782,814709,Средний
2041,73 лет,1232791,473983,758808,Средний
2041,74 лет,1244061,469425,774636,Средний
2041,75 лет,1296164,481245,814919,Средний
2041,76 лет,1222952,437688,785264,Средний
2041,77 лет,1281431,448294,833137,Средний
2041,78 лет,1237488,417900,819588,Средний
2041,79 лет,1222919,401883,821036,Средний
2041,80 лет,1265995,410459,855536,Средний
2041,81 лет,1095539,340166,755373,Средний
2041,82 лет,1018027,305320,712707,Средний
2041,83 лет,890524,258229,632295,Средний
2041,84 лет,806233,225616,580617,Средний
2041,85 лет и более,3681925,896554,2785371,Средний
2041,Все население,139726741,65093086,74633655,Средний
2042,0 лет,1414126,727712,686414,Средний
2042,1 год,1402730,721753,680977,Средний
2042,2 года,1391356,715790,675566,Средний
2042,3 года,1378155,708872,669283,Средний
2042,4 года,1359324,699047,660277,Средний
2042,5 лет,1330221,683935,646286,Средний
2042,6 лет,1307668,672204,635464,Средний
2042,7 лет,1287994,661976,626018,Средний
2042,8 лет,1271089,653208,617881,Средний
2042,9 лет,1244392,639428,604964,Средний
2042,10 лет,1225376,629622,595754,Средний
2042,11 лет,1216659,625140,591519,Средний
2042,12 лет,1210007,621711,588296,Средний
2042,13 лет,1196569,614785,581784,Средний
2042,14 лет,1184298,608450,575848,Средний
2042,15 лет,1190104,611417,578687,Средний
2042,16 лет,1203152,618125,585027,Средний
2042,17 лет,1225541,629763,595778,Средний
2042,18 лет,1303373,670270,633103,Средний
2042,19 лет,1371718,705280,666438,Средний
2042,20 лет,1468534,757724,710810,Средний
2042,21 лет,1512558,781968,730590,Средний
2042,22 лет,1577730,816464,761266,Средний
2042,23 лет,1709941,887435,822506,Средний
2042,24 лет,1804013,934606,869407,Средний
2042,25 лет,2005639,1037865,967774,Средний
2042,26 лет,2076029,1073432,1002597,Средний
2042,27 лет,2065636,1069724,995912,Средний
2042,28 лет,2050597,1059254,991343,Средний
2042,29 лет,2054305,1060397,993908,Средний
2042,30 лет,1943172,999650,943522,Средний
2042,31 лет,1878230,964599,913631,Средний
2042,32 лет,1814409,926143,888266,Средний
2042,33 лет,1789658,907401,882257,Средний
2042,34 лет,1686731,853611,833120,Средний
2042,35 лет,1557464,787554,769910,Средний
2042,36 лет,1577272,794894,782378,Средний
2042,37 лет,1541142,776192,764950,Средний
2042,38 лет,1570334,786788,783546,Средний
2042,39 лет,1544989,780623,764366,Средний
2042,40 лет,1464347,739603,724744,Средний
2042,41 лет,1564702,789606,775096,Средний
2042,42 лет,1485218,749678,735540,Средний
2042,43 лет,1479770,741316,738454,Средний
2042,44 лет,1423041,711974,711067,Средний
2042,45 лет,1550708,774640,776068,Средний
2042,46 лет,1649099,816588,832511,Средний
2042,47 лет,1596227,793573,802654,Средний
2042,48 лет,1626370,799992,826378,Средний
2042,49 лет,1791653,870794,920859,Средний
2042,50 лет,1941354,938854,1002500,Средний
2042,51 лет,2288872,1104322,1184550,Средний
2042,52 лет,2322651,1107485,1215166,Средний
2042,53 лет,2349886,1111849,1238037,Средний
2042,54 лет,2435873,1148336,1287537,Средний
2042,55 лет,2436750,1146992,1289758,Средний
2042,56 лет,2419080,1131527,1287553,Средний
2042,57 лет,2260721,1050554,1210167,Средний
2042,58 лет,2283958,1046459,1237499,Средний
2042,59 лет,2147365,975951,1171414,Средний
2042,60 лет,2015246,910796,1104450,Средний
2042,61 лет,2172443,984724,1187719,Средний
2042,62 лет,1953893,868376,1085517,Средний
2042,63 лет,1905979,838643,1067336,Средний
2042,64 лет,1780120,770435,1009685,Средний
2042,65 лет,1825818,786361,1039457,Средний
2042,66 лет,1802442,767028,1035414,Средний
2042,67 лет,1671851,706590,965261,Средний
2042,68 лет,1569900,652879,917021,Средний
2042,69 лет,1558521,641189,917332,Средний
2042,70 лет,1467261,597025,870236,Средний
2042,71 лет,1521366,621166,900200,Средний
2042,72 лет,1345865,532546,813319,Средний
2042,73 лет,1310143,509230,800913,Средний
2042,74 лет,1196172,451816,744356,Средний
2042,75 лет,1202937,445122,757815,Средний
2042,76 лет,1248358,453670,794688,Средний
2042,77 лет,1172988,409943,763045,Средний
2042,78 лет,1222874,416820,806054,Средний
2042,79 лет,1174696,385515,789181,Средний
2042,80 лет,1153715,367557,786158,Средний
2042,81 лет,1185643,371821,813822,Средний
2042,82 лет,1018283,304958,713325,Средний
2042,83 лет,938025,270580,667445,Средний
2042,84 лет,812580,225975,586605,Средний
2042,85 лет и более,3833474,916253,2917221,Средний
2042,Все население,139520473,65031923,74488550,Средний
2043,0 лет,1420264,730875,689389,Средний
2043,1 год,1416208,728690,687518,Средний
2043,2 года,1405480,723053,682427,Средний
2043,3 года,1394538,717281,677257,Средний
2043,4 года,1381584,710477,671107,Средний
2043,5 лет,1362892,700711,662181,Средний
2043,6 лет,1333873,685648,648225,Средний
2043,7 лет,1311297,673919,637378,Средний
2043,8 лет,1291462,663635,627827,Средний
2043,9 лет,1274333,654769,619564,Средний
2043,10 лет,1247476,640926,606550,Средний
2043,11 лет,1228287,631049,597238,Средний
2043,12 лет,1219467,626506,592961,Средний
2043,13 лет,1212848,623080,589768,Средний
2043,14 лет,1199627,616258,583369,Средний
2043,15 лет,1187533,610015,577518,Средний
2043,16 лет,1193501,613072,580429,Средний
2043,17 лет,1207613,620446,587167,Средний
2043,18 лет,1232436,633691,598745,Средний
2043,19 лет,1313043,676069,636974,Средний
2043,20 лет,1383772,712698,671074,Средний
2043,21 лет,1482449,766278,716171,Средний
2043,22 лет,1528024,791296,736728,Средний
2043,23 лет,1593824,825886,767938,Средний
2043,24 лет,1725940,896567,829373,Средний
2043,25 лет,1819742,943451,876291,Средний
2043,26 лет,2020520,1046164,974356,Средний
2043,27 лет,2089508,1080863,1008645,Средний
2043,28 лет,2076395,1075355,1001040,Средний
2043,29 лет,2057463,1062292,995171,Средний
2043,30 лет,2056981,1060573,996408,Средний
2043,31 лет,1943276,998040,945236,Средний
2043,32 лет,1876253,961513,914740,Средний
2043,33 лет,1811383,922368,889015,Средний
2043,34 лет,1786551,903600,882951,Средний
2043,35 лет,1685510,851093,834417,Средний
2043,36 лет,1558093,786314,771779,Средний
2043,37 лет,1578083,793921,784162,Средний
2043,38 лет,1542622,775865,766757,Средний
2043,39 лет,1571677,786468,785209,Средний
2043,40 лет,1547060,780887,766173,Средний
2043,41 лет,1467235,740551,726684,Средний
2043,42 лет,1567247,790409,776838,Средний
2043,43 лет,1488152,750829,737323,Средний
2043,44 лет,1482468,742376,740092,Средний
2043,45 лет,1425543,712895,712648,Средний
2043,46 лет,1552073,774878,777195,Средний
2043,47 лет,1649357,816138,833219,Средний
2043,48 лет,1596054,792798,803256,Средний
2043,49 лет,1625182,798569,826613,Средний
2043,50 лет,1788483,868128,920355,Средний
2043,51 лет,1935861,934631,1001230,Средний
2043,52 лет,2279548,1097527,1182021,Средний
2043,53 лет,2312004,1099856,1212148,Средний
2043,54 лет,2337794,1103259,1234535,Средний
2043,55 лет,2421692,1138311,1283381,Средний
2043,56 лет,2421169,1135954,1285215,Средний
2043,57 лет,2402411,1119729,1282682,Средний
2043,58 лет,2244215,1038864,1205351,Средний
2043,59 лет,2265907,1033829,1232078,Средний
2043,60 лет,2129303,963304,1165999,Средний
2043,61 лет,1996719,897851,1098868,Средний
2043,62 лет,2150010,969101,1180909,Средний
2043,63 лет,1932417,853494,1078923,Средний
2043,64 лет,1883192,822967,1060225,Средний
2043,65 лет,1757032,754752,1002280,Средний
2043,66 лет,1799654,768747,1030907,Средний
2043,67 лет,1774338,748309,1026029,Средний
2043,68 лет,1643631,687887,955744,Средний
2043,69 лет,1541115,634035,907080,Средний
2043,70 лет,1527250,620972,906278,Средний
2043,71 лет,1435126,576473,858653,Средний
2043,72 лет,1484413,597648,886765,Средний
2043,73 лет,1310202,510414,799788,Средний
2043,74 лет,1271769,485877,785892,Средний
2043,75 лет,1157555,428969,728586,Средний
2043,76 лет,1159655,420177,739478,Средний
2043,77 лет,1198145,425486,772659,Средний
2043,78 лет,1120554,381733,738821,Средний
2043,79 лет,1161816,385085,776731,Средний
2043,80 лет,1109485,353166,756319,Средний
2043,81 лет,1082014,333515,748499,Средний
2043,82 лет,1102979,333828,769151,Средний
2043,83 лет,939372,270693,668679,Средний
2043,84 лет,857015,237170,619845,Средний
2043,85 лет и более,3969597,933381,3036216,Средний
2043,Все население,139325641,64986227,74339414,Средний
2044,0 лет,1421231,731379,689852,Средний
2044,1 год,1422334,731842,690492,Средний
2044,2 года,1418919,729959,688960,Средний
2044,3 года,1408619,724518,684101,Средний
2044,4 года,1397915,718857,679058,Средний
2044,5 лет,1385123,712124,672999,Средний
2044,6 лет,1366501,702389,664112,Средний
2044,7 лет,1337432,687321,650111,Средний
2044,8 лет,1314708,675544,639164,Средний
2044,9 лет,1294661,665167,629494,Средний
2044,10 лет,1277363,656233,621130,Средний
2044,11 лет,1250365,642331,608034,Средний
2044,12 лет,1231073,632397,598676,Средний
2044,13 лет,1222302,627860,594442,Средний
2044,14 лет,1215898,624540,591358,Средний
2044,15 лет,1202863,617814,585049,Средний
2044,16 лет,1190966,611679,579287,Средний
2044,17 лет,1198020,615409,582611,Средний
2044,18 лет,1214543,624375,590168,Средний
2044,19 лет,1242273,639590,602683,Средний
2044,20 лет,1325358,683659,641699,Средний
2044,21 лет,1398024,721481,676543,Средний
2044,22 лет,1498216,775801,722415,Средний
2044,23 лет,1544524,800960,743564,Средний
2044,24 лет,1610489,835418,775071,Средний
2044,25 лет,1742498,905911,836587,Средний
2044,26 лет,1836036,952633,883403,Средний
2044,27 лет,2035418,1054521,980897,Средний
2044,28 лет,2101769,1087502,1014267,Средний
2044,29 лет,2085069,1079589,1005480,Средний
2044,30 лет,2061925,1063669,998256,Средний
2044,31 лет,2057458,1059204,998254,Средний
2044,32 лет,1941600,995159,946441,Средний
2044,33 лет,1873034,957538,915496,Средний
2044,34 лет,1807774,918169,889605,Средний
2044,35 лет,1783313,899698,883615,Средний
2044,36 лет,1684258,848565,835693,Средний
2044,37 лет,1558568,785064,773504,Средний
2044,38 лет,1578700,792957,785743,Средний
2044,39 лет,1543885,775523,768362,Средний
2044,40 лет,1572927,786230,786697,Средний
2044,41 лет,1549124,781267,767857,Средний
2044,42 лет,1470033,741533,728500,Средний
2044,43 лет,1569413,791039,778374,Средний
2044,44 лет,1490602,751699,738903,Средний
2044,45 лет,1484805,743217,741588,Средний
2044,46 лет,1427690,713635,714055,Средний
2044,47 лет,1552932,774821,778111,Средний
2044,48 лет,1649049,815305,833744,Средний
2044,49 лет,1595369,791677,803692,Средний
2044,50 лет,1623473,796824,826649,Средний
2044,51 лет,1784747,865063,919684,Средний
2044,52 лет,1929647,929902,999745,Средний
2044,53 лет,2269442,1090188,1179254,Средний
2044,54 лет,2300550,1091664,1208886,Средний
2044,55 лет,2324760,1094018,1230742,Средний
2044,56 лет,2406456,1127557,1278899,Средний
2044,57 лет,2404485,1124163,1280322,Средний
2044,58 лет,2384659,1107229,1277430,Средний
2044,59 лет,2226632,1026494,1200138,Средний
2044,60 лет,2246568,1020368,1226200,Средний
2044,61 лет,2109878,949813,1160065,Средний
2044,62 лет,1976744,883992,1092752,Средний
2044,63 лет,2125981,952432,1173549,Средний
2044,64 лет,1909425,837696,1071729,Средний
2044,65 лет,1858808,806380,1052428,Средний
2044,66 лет,1732374,738182,994192,Средний
2044,67 лет,1771822,750196,1021626,Средний
2044,68 лет,1744537,728672,1015865,Средний
2044,69 лет,1613715,668283,945432,Средний
2044,70 лет,1510654,614366,896288,Средний
2044,71 лет,1494287,599959,894328,Средний
2044,72 лет,1401131,555070,846061,Средний
2044,73 лет,1445279,573146,872133,Средний
2044,74 лет,1272471,487427,785044,Средний
2044,75 лет,1231197,461700,769497,Средний
2044,76 лет,1116757,405403,711354,Средний
2044,77 лет,1114002,394552,719450,Средний
2044,78 лет,1145284,396685,748599,Средний
2044,79 лет,1065695,353164,712531,Средний
2044,80 лет,1098212,353250,744962,Средний
2044,81 лет,1041657,320920,720737,Средний
2044,82 лет,1007944,299870,708074,Средний
2044,83 лет,1018303,296706,721597,Средний
2044,84 лет,859193,237600,621593,Средний
2044,85 лет и более,4126180,957649,3168531,Средний
2044,Все население,139135918,64951355,74184563,Средний
2045,0 лет,1423865,732737,691128,Средний
2045,1 год,1423298,732344,690954,Средний
2045,2 года,1425006,733085,691921,Средний
2045,3 года,1422007,731394,690613,Средний
2045,4 года,1411965,726067,685898,Средний
2045,5 лет,1401401,720463,680938,Средний
2045,6 лет,1388666,713753,674913,Средний
2045,7 лет,1370003,704024,665979,Средний
2045,8 лет,1340788,688901,651887,Средний
2045,9 лет,1317872,677048,640824,Средний
2045,10 лет,1297674,666614,631060,Средний
2045,11 лет,1280250,657633,622617,Средний
2045,12 лет,1253144,643670,609474,Средний
2045,13 лет,1233926,633755,600171,Средний
2045,14 лет,1225356,629316,596040,Средний
2045,15 лет,1219141,626095,593046,Средний
2045,16 лет,1206310,619478,586832,Средний
2045,17 лет,1195537,614030,581507,Средний
2045,18 лет,1204994,619344,585650,Средний
2045,19 лет,1224489,630330,594159,Средний
2045,20 лет,1254857,647348,607509,Средний
2045,21 лет,1339941,692656,647285,Средний
2045,22 лет,1414164,731240,682924,Средний
2045,23 лет,1515063,785670,729393,Средний
2045,24 лет,1561690,810775,750915,Средний
2045,25 лет,1627806,845209,782597,Средний
2045,26 лет,1759779,915699,844080,Средний
2045,27 лет,1852580,962050,890530,Средний
2045,28 лет,2049325,1062239,987086,Средний
2045,29 лет,2112073,1092830,1019243,Средний
2045,30 лет,2091307,1082151,1009156,Средний
2045,31 лет,2064030,1063383,1000647,Средний
2045,32 лет,2055799,1056298,999501,Средний
2045,33 лет,1938340,991129,947211,Средний
2045,34 лет,1868942,952935,916007,Средний
2045,35 лет,1803831,913716,890115,Средний
2045,36 лет,1779988,895757,884231,Средний
2045,37 лет,1682870,846037,836833,Средний
2045,38 лет,1558795,783790,775005,Средний
2045,39 лет,1579095,791986,787109,Средний
2045,40 лет,1545044,775259,769785,Средний
2045,41 лет,1574201,786136,788065,Средний
2045,42 лет,1551113,781703,769410,Средний
2045,43 лет,1472459,742350,730109,Средний
2045,44 лет,1571161,791458,779703,Средний
2045,45 лет,1492744,752406,740338,Средний
2045,46 лет,1486810,743906,742904,Средний
2045,47 лет,1429337,714106,715231,Средний
2045,48 лет,1553231,774398,778833,Средний
2045,49 лет,1648199,814126,834073,Средний
2045,50 лет,1594131,790228,803903,Средний
2045,51 лет,1621155,794679,826476,Средний
2045,52 лет,1780260,861482,918778,Средний
2045,53 лет,1922711,924685,998026,Средний
2045,54 лет,2258526,1082294,1176232,Средний
2045,55 лет,2288126,1082806,1205320,Средний
2045,56 лет,2310676,1084050,1226626,Средний
2045,57 лет,2390141,1116066,1274075,Средний
2045,58 лет,2386726,1111671,1275055,Средний
2045,59 лет,2365812,1094019,1271793,Средний
2045,60 лет,2207804,1013303,1194501,Средний
2045,61 лет,2225849,1006039,1219810,Средний
2045,62 лет,2088936,935359,1153577,Средний
2045,63 лет,1955257,869125,1086132,Средний
2045,64 лет,2100328,934746,1165582,Средний
2045,65 лет,1884824,820949,1063875,Средний
2045,66 лет,1832809,788860,1043949,Средний
2045,67 лет,1706101,720707,985394,Средний
2045,68 лет,1742336,730749,1011587,Средний
2045,69 лет,1712993,708101,1004892,Средний
2045,70 лет,1582065,647813,934252,Средний
2045,71 лет,1478535,593910,884625,Средний
2045,72 лет,1459413,578047,881366,Средний
2045,73 лет,1365096,532737,832359,Средний
2045,74 лет,1403853,547680,856173,Средний
2045,75 лет,1232514,463589,768925,Средний
2045,76 лет,1188286,436750,751536,Средний
2045,77 лет,1073634,381130,692504,Средний
2045,78 лет,1065830,368309,697521,Средний
2045,79 лет,1089861,367451,722410,Средний
2045,80 лет,1008317,324405,683912,Средний
2045,81 лет,1031859,321422,710437,Средний
2045,82 лет,971341,288967,682374,Средний
2045,83 лет,931772,266881,664891,Средний
2045,84 лет,932070,260752,671318,Средний
2045,85 лет и более,4261735,978399,3283336,Средний
2045,Все население,138951948,64926987,74024961,Средний
2046,0 лет,1423654,732634,691020,Средний
2046,1 год,1425915,733686,692229,Средний
2046,2 года,1425926,733553,692373,Средний
2046,3 года,1428046,734483,693563,Средний
2046,4 года,1425311,732906,692405,Средний
2046,5 лет,1415407,727634,687773,Средний
2046,6 лет,1404903,722067,682836,Средний
2046,7 лет,1392124,715351,676773,Средний
2046,8 лет,1373303,705577,667726,Средний
2046,9 лет,1343894,690376,653518,Средний
2046,10 лет,1320822,678456,642366,Средний
2046,11 лет,1300517,667990,632527,Средний
2046,12 лет,1283018,658969,624049,Средний
2046,13 лет,1255997,645033,610964,Средний
2046,14 лет,1236996,635214,601782,Средний
2046,15 лет,1228623,630882,597741,Средний
2046,16 лет,1222608,627759,594849,Средний
2046,17 лет,1210909,621826,589083,Средний
2046,18 лет,1202531,617956,584575,Средний
2046,19 лет,1214998,625329,589669,Средний
2046,20 лет,1237266,638226,599040,Средний
2046,21 лет,1269756,656559,613197,Средний
2046,22 лет,1356424,702628,653796,Средний
2046,23 лет,1431425,741355,690070,Средний
2046,24 лет,1532639,795718,736921,Средний
2046,25 лет,1579597,820908,758689,Средний
2046,26 лет,1645996,855565,790431,Средний
2046,27 лет,1777472,925836,851636,Средний
2046,28 лет,1868390,971009,897381,Средний
2046,29 лет,2061477,1068801,992676,Средний
2046,30 лет,2120005,1096541,1023464,Средний
2046,31 лет,2095114,1083001,1012113,Средний
2046,32 лет,2063764,1061414,1002350,Средний
2046,33 лет,2052168,1051991,1000177,Средний
2046,34 лет,1933846,986234,947612,Средний
2046,35 лет,1864201,947871,916330,Средний
2046,36 лет,1799637,909116,890521,Средний
2046,37 лет,1776515,891804,884711,Средний
2046,38 лет,1681256,843517,837739,Средний
2046,39 лет,1558811,782523,776288,Средний
2046,40 лет,1579430,791108,788322,Средний
2046,41 лет,1546211,775120,771091,Средний
2046,42 лет,1575476,786150,789326,Средний
2046,43 лет,1552803,782031,770772,Средний
2046,44 лет,1474502,742970,731532,Средний
2046,45 лет,1572661,791740,780921,Средний
2046,46 лет,1494579,752973,741606,Средний
2046,47 лет,1488379,744359,744020,Средний
2046,48 лет,1430454,714217,716237,Средний
2046,49 лет,1553012,773646,779366,Средний
2046,50 лет,1646807,812612,834195,Средний
2046,51 лет,1592289,788364,803925,Средний
2046,52 лет,1618147,792047,826100,Средний
2046,53 лет,1775063,857415,917648,Средний
2046,54 лет,1914999,918923,996076,Средний
2046,55 лет,2246616,1073709,1172907,Средний
2046,56 лет,2274640,1073209,1201431,Средний
2046,57 лет,2295498,1073327,1222171,Средний
2046,58 лет,2372737,1103859,1268878,Средний
2046,59 лет,2367857,1098474,1269383,Средний
2046,60 лет,2345615,1079935,1265680,Средний
2046,61 лет,2187530,999216,1188314,Средний
2046,62 лет,2203500,990675,1212825,Средний
2046,63 лет,2066379,919827,1146552,Средний
2046,64 лет,1932203,853289,1078914,Средний
2046,65 лет,2072915,916014,1156901,Средний
2046,66 лет,1858539,803215,1055324,Средний
2046,67 лет,1805067,770340,1034727,Средний
2046,68 лет,1678152,702292,975860,Средний
2046,69 лет,1711038,710308,1000730,Средний
2046,70 лет,1679579,686566,993013,Средний
2046,71 лет,1548666,626488,922178,Средний
2046,72 лет,1444525,572539,871986,Средний
2046,73 лет,1422410,555147,867263,Средний
2046,74 лет,1326896,509462,817434,Средний
2046,75 лет,1359990,521231,838759,Средний
2046,76 лет,1190205,438911,751294,Средний
2046,77 лет,1142927,411002,731925,Средний
2046,78 лет,1028019,356188,671831,Средний
2046,79 лет,1015151,341560,673591,Средний
2046,80 лет,1031805,337925,693880,Средний
2046,81 лет,948333,295563,652770,Средний
2046,82 лет,962958,289776,673182,Средний
2046,83 лет,898913,257547,641366,Средний
2046,84 лет,854007,234843,619164,Средний
2046,85 лет и более,4442565,1015519,3427046,Средний
2046,Все население,138771308,64909929,73861379,Средний
